Time,V1,V2,V3,V4,V5,V6,V7,V8,V9,V10,V11,V12,V13,V14,V15,V16,V17,V18,V19,V20,V21,V22,V23,V24,V25,V26,V27,V28,Amount,Class
874.64,1.315164,1.331985,2.300197,-0.188896,-1.343861,-2.167979,0.317612,2.32656,-1.508578,0.602406,-3.146675,0.348946,0.199406,0.722016,0.178146,1.039227,2.347764,0.472356,0.254092,-0.487429,-0.151464,-0.039714,-0.808181,0.866262,0.65701,-0.830744,-0.753066,0.103971,11.28,0
954.22,-0.479854,0.937056,-0.170123,-0.421902,-1.437299,0.972149,1.751293,1.330409,-1.603767,0.532231,0.019302,1.220669,-1.219576,-0.410538,0.108804,-0.410975,-2.076093,0.618757,-0.697897,1.344488,-0.335859,-0.458539,0.482101,0.002491,-0.544991,-1.036176,0.770218,2.509671,21.01,0
1201.33,-0.857716,1.642414,-0.830669,-0.329895,-0.05877,-0.68674,2.891703,0.920212,1.459286,-0.508736,-2.134085,0.259842,-0.663538,0.056085,-0.440629,-0.218985,-0.80608,-1.294123,0.901898,1.173273,1.028729,-0.881579,-0.259388,0.979225,-1.193576,-1.077303,-0.378564,3.166971,16.7,0
1589.25,0.776298,1.77181,-0.106754,1.206763,-0.215744,-0.212872,-1.008874,0.847713,1.253609,-1.163099,-0.99877,-1.767653,0.415401,-1.072429,1.836861,-0.664877,-0.11605,-1.221582,-0.149339,0.732179,0.04742,-0.252912,0.220791,0.65242,-1.677837,0.174339,0.072595,-0.694416,6.15,0
1872.75,-1.353465,2.040213,-2.122924,0.348254,-1.116097,-0.487279,0.296971,-0.517272,0.571126,-1.173177,0.339417,0.192249,0.436706,-0.946723,-0.070022,0.622959,-0.240316,-0.4911,-1.043889,1.973972,0.640377,1.375051,-0.728686,0.51129,-1.41379,-0.576981,1.765649,-2.689492,98.31,0
1961.91,2.350616,1.115395,-1.628673,-0.360243,-0.093422,-0.799514,0.411154,0.104217,1.44711,-0.48928,-0.297255,1.194489,1.448141,-0.115195,0.934254,0.635593,1.116838,0.126574,-0.682016,-0.270719,-0.146057,-1.169529,-0.852921,-0.089647,0.310119,-2.249223,1.61499,-2.828132,55,0
2100.29,1.584319,0.086704,1.230158,0.460795,-0.916859,-0.919549,-0.134431,2.728598,-1.476529,0.574812,-1.651163,-0.421094,-0.312026,-1.958684,-1.470924,0.086625,-1.31314,-0.405284,2.184494,0.154946,0.827691,1.432113,-1.768162,0.002889,-0.669346,0.206522,-0.86398,2.000319,157.1,0
2487.19,-0.353245,0.48242,-1.214438,-0.391961,-0.603845,-0.178097,-0.563471,-1.080969,0.363287,0.871448,-0.419083,-0.002886,0.170058,-0.935022,1.38318,0.36807,0.239085,0.311886,0.71149,0.496854,0.214957,-0.230793,-0.884524,0.462889,-0.906478,-0.185923,-0.942265,0.067651,9.2,0
2670.9,-1.81523,1.818733,-1.727779,0.854729,1.609935,-1.700573,0.216136,2.649404,-0.346596,-0.618152,-2.627843,0.172267,-0.752909,-1.572062,1.263805,-0.583674,-0.748539,1.93772,0.409815,-0.864722,-0.142313,0.020592,-4.213005,2.369734,-0.996113,0.939077,-0.101966,0.392789,13.81,0
2866.38,1.789324,-0.732661,0.356513,0.190011,1.230949,0.169049,-4.110635,-0.175806,1.109905,-1.305002,1.22404,-2.079573,0.015697,-1.611374,0.371812,0.3404,0.279549,-0.839268,0.019526,0.655961,-0.167151,-0.935291,-1.132868,0.646124,-0.334042,0.14825,0.398025,-2.393952,32.33,0
3148.73,0.063547,0.762292,1.210797,-0.204564,-1.773757,-0.792884,0.574867,2.227336,-0.331687,0.181,-0.722944,1.699866,0.335053,-3.159795,0.068766,-0.737776,-0.144131,-2.315957,0.61103,-1.698944,-1.042549,-0.666572,-0.559509,-0.08924,-0.602256,-1.355988,-0.422861,-0.929264,128.27,0
3557,1.652927,-0.198541,0.596458,0.254602,0.649674,-1.381429,-0.235455,-1.758178,-0.735825,-0.960033,1.178484,-0.427403,-0.33194,1.220499,0.654482,-0.321112,0.041519,0.791731,0.59803,1.648361,0.316702,-0.437961,0.168595,-0.267515,-0.630092,-1.966038,1.786288,-0.283072,32.24,0
4021.39,-1.675717,0.333671,0.961171,-1.415375,0.628806,-0.820765,-0.743686,1.14859,0.651443,-0.640861,-1.184353,0.736074,-2.447085,-1.352265,2.419069,-0.660308,-0.71524,1.840292,0.611051,0.437766,-0.192192,-0.900351,-0.770203,0.007007,0.710936,-0.739279,0.884633,0.427514,46.38,0
4201.8,-0.506264,1.909447,-1.345927,-1.047965,-1.601537,0.586685,2.564322,-0.780788,1.153788,1.286542,-1.180108,0.246215,0.201089,0.997049,-1.366503,-0.883978,-0.668317,0.261996,0.417547,-0.249066,-0.621714,-0.187514,-0.075028,2.158109,0.866898,-0.662625,0.960973,-0.428644,31.71,0
4380.61,0.204324,0.538386,-2.221223,-1.103524,0.637207,-0.891108,-1.403235,-1.770508,-1.160467,0.765717,-1.525698,1.357772,0.242129,0.876931,1.011388,-1.168068,0.270287,-1.548628,1.240298,-0.628444,0.874359,-0.356271,-2.925719,0.081564,-1.735087,0.611298,-1.214468,-1.330409,7.39,0
4392.43,0.253376,0.355979,1.62623,0.002463,1.455696,-0.154234,-1.006948,0.61271,-0.250552,0.066132,0.830359,0.653654,-1.053587,-2.113555,-0.570885,0.249115,1.043034,-0.369863,0.317435,0.097435,-1.317661,1.567109,-0.53127,1.134224,-0.133567,-0.162049,1.951008,-0.973563,247.73,0
4581.15,-0.330786,-1.417239,-0.774543,1.317512,-1.572266,-1.052385,2.483699,1.766446,-1.744974,-1.428817,-1.447052,0.123656,-1.802953,-1.862626,0.262177,1.28176,-0.772161,-1.586265,-0.774953,1.214265,-0.547773,-1.002815,-2.361453,0.100365,-1.046445,0.766067,-3.235143,1.839998,70.26,0
5270.44,0.930177,1.238389,-0.679978,1.730155,-1.338903,0.175103,-1.632279,-0.938576,-3.902059,0.121985,0.497742,-0.420903,1.620422,2.771341,0.049206,1.110855,-1.090573,0.567844,-0.376084,1.044205,0.801117,0.07794,-1.829994,0.61384,-0.609526,-1.231022,1.517597,0.479675,136.98,0
5430.96,-1.056578,1.111328,1.398343,0.412065,0.863562,0.115402,-1.221287,-1.892671,0.141325,1.011975,-0.977411,0.977611,0.399495,1.743212,-0.119367,-1.863248,0.654266,-1.870931,-1.86738,-0.472525,0.138682,0.201596,-0.678266,1.04144,-0.148705,0.629254,1.647992,0.998331,94.89,0
5942.34,0.030828,3.025109,0.382281,0.298554,0.014329,1.074307,-0.633703,0.159962,0.753328,-0.491753,-3.266177,-1.23116,-0.494127,-0.520417,0.271009,1.255539,-0.106146,-0.585395,2.503985,-0.642562,-0.199311,-0.921329,0.972317,-0.057578,-0.580158,0.430826,-0.129576,-1.134942,63.79,0
6210.82,0.339541,-0.090657,0.25021,-1.605803,0.332983,-0.594499,0.806152,0.166394,0.233635,1.313556,-1.247238,0.851962,-1.620199,-0.153537,-0.778804,-0.713618,0.909758,-1.44662,1.233703,1.176311,0.07867,0.575556,-0.048485,-0.113357,-0.213852,-1.79428,2.088379,-4.036119,8.3,0
6374.06,0.802765,0.573756,2.499753,-0.564746,0.092967,0.101507,-0.116471,1.093766,-3.080204,1.252531,-2.121651,-0.590846,-1.229255,-1.281538,1.242288,0.412104,-1.134163,-0.063245,-0.613591,-0.492868,0.012083,-0.348869,-0.446602,1.740291,0.151902,0.919537,0.350746,-0.60443,90.94,0
6453.77,1.0345,0.611878,-1.196832,-0.767525,0.149995,-0.368906,-2.303642,1.679104,-0.68474,1.640398,-0.379399,1.353361,1.405504,0.06868,-1.395378,-1.434038,-2.162591,-0.666371,-0.015341,0.453828,-1.565491,-2.132766,-0.489193,1.196864,-0.160856,-0.078925,0.514012,-1.089336,14.92,0
7037.94,-1.123594,2.286463,0.871396,-0.629419,-1.804362,0.618609,-1.195126,0.207267,-3.482945,0.220101,-2.137881,0.451275,-0.03928,-1.39118,0.785056,-0.149908,-0.695321,-0.002173,-0.402769,0.531094,-0.479655,0.552574,-1.272057,1.040576,-0.938974,0.16362,0.874408,0.626823,47.28,0
7045.94,-1.604833,0.177266,-0.27479,-0.254898,0.897314,-1.04239,-1.304724,3.000548,1.893282,0.515086,0.901888,0.850501,-0.892869,-3.061393,-0.024278,0.060492,-0.970013,-0.191013,1.975526,0.758986,1.348781,-0.961044,-1.080716,1.037839,-0.924396,-0.857409,4.57732,4.772871,87.63,0
7458.03,1.699774,0.649249,0.003691,-0.506353,1.036476,0.164454,-0.53195,0.621025,-1.78635,1.379499,-0.558906,0.385697,0.422121,-2.158709,-0.813141,-2.142616,-0.16063,-1.424999,-1.257217,1.420014,-0.768054,-0.902123,0.014867,0.773731,-1.594313,0.881057,2.181403,1.115523,134.67,0
7815.28,0.58872,1.063933,1.661945,-1.753262,-0.555743,-0.610273,0.201367,-0.211395,1.722022,0.368719,-0.683175,-1.131057,-1.220057,-0.453603,0.46986,0.421334,-0.81756,0.548303,0.417144,-1.147127,-0.450858,0.576472,-2.029694,2.029548,-1.110137,-1.118126,1.344714,3.996716,102.07,0
7828.53,-0.68151,0.532725,0.318584,0.502951,-0.344149,-0.502676,0.190233,-2.05685,1.258225,-0.623068,0.513967,-0.393794,1.651383,-1.916797,-1.173783,1.325041,0.804423,-0.277986,0.173791,-1.931582,-0.658574,-0.305282,0.201733,0.438728,1.217395,0.521077,-0.754395,0.937077,98.36,0
7853.13,2.02118,-0.265489,0.358676,-1.003271,-2.037263,-0.374113,-3.008273,-0.089205,-1.508456,-0.56798,0.95637,0.873872,1.467776,-0.565829,0.317888,-0.537805,-0.407086,-1.427286,1.194509,-0.305406,-0.235732,0.772294,-0.905357,0.86858,-1.058961,0.511748,0.619567,-0.755185,14.26,0
7949.26,0.33411,0.542157,1.061807,0.082135,0.290621,-0.2418,1.13152,-0.196751,-1.85637,0.150379,-0.456961,0.455704,-0.788673,-1.845163,-1.048525,1.342478,0.109252,2.522234,0.178722,2.561555,-0.697177,1.02138,0.46397,-0.766008,-1.390714,-0.946171,-0.62475,0.625276,37.54,0
8026.63,1.584151,1.651186,-0.830183,1.60009,0.356407,-0.545581,-0.051215,1.694727,0.365946,-1.448308,-1.535771,1.294411,-0.989711,-1.473946,0.711725,-0.556237,0.11768,0.364312,-1.626422,2.828583,0.297937,-0.558944,0.61684,-0.261528,-0.139903,1.456278,1.502062,2.647993,3.88,0
8895.53,0.277514,-0.996924,-1.454402,-0.876398,-0.365448,-0.272739,1.598845,0.968558,-1.424148,-0.248806,-2.976053,0.651354,-3.457109,0.603094,-0.582787,0.716969,0.161613,-0.40578,0.01819,2.597436,0.028731,0.666227,-2.354214,-0.564447,-0.495558,0.033231,0.615506,2.717064,112.3,0
8930.6,2.620092,0.46509,-1.725013,-2.209093,0.984991,0.851304,0.228122,-1.426404,-0.005478,1.047407,-1.413469,-0.481418,-2.047519,-0.1661,-0.140552,-3.041787,-0.096287,1.512402,-0.768649,0.147777,0.564705,-0.653105,-1.123122,1.43016,-0.566002,0.376323,-1.029758,-0.678173,269.36,0
9729.21,2.261157,-0.585368,-2.937957,-0.352404,-0.67489,0.362685,1.186012,0.545202,-0.882493,-2.389979,-1.314598,-0.340325,-1.871268,-0.492663,0.555405,2.639366,0.533183,2.034134,0.379063,-1.775411,-1.132309,1.892814,-1.432103,-1.653854,0.760299,-1.395343,0.538324,0.491533,27.09,0
9946.15,-0.094438,1.80428,2.356556,0.795028,0.347927,0.266807,0.260698,1.273494,-2.827873,1.505267,-0.274326,0.403002,-0.042345,0.635858,-0.440955,1.50822,-1.004507,-0.396105,1.857267,-2.454248,-0.471357,-0.599859,-2.511716,0.079103,0.04954,1.565417,-0.671953,-1.88375,8.11,0
10036.85,1.340017,-1.623185,-1.801878,1.504342,-1.455175,-0.825321,1.543006,2.522866,-3.501106,1.074409,-0.923829,-1.595474,-0.614619,0.129963,0.226633,-0.672537,1.579475,0.206509,-1.605924,-0.361791,-0.364748,0.864566,-1.631745,-2.009408,-0.842398,-1.149566,0.629486,1.298355,57.02,0
10982.88,0.956651,-0.407328,-0.641046,-1.132996,-0.321472,-1.182881,0.341899,1.588532,0.180619,-0.579712,0.559988,1.701597,-1.878543,1.356685,-1.133498,-2.739826,-0.346328,-1.426642,-0.58102,0.141614,0.269015,0.70927,2.286295,-0.266627,-0.755184,0.677686,-0.684517,2.327114,171.65,0
11240.92,1.80667,0.773059,-0.714174,0.295125,-0.493104,0.337829,-0.562115,1.403778,-1.00046,0.469084,-1.308524,0.683165,-0.558722,-1.064391,0.870176,0.029014,-1.611804,-0.398359,-0.310903,1.955357,-0.892596,0.25973,0.220294,0.007666,-0.819745,-0.962908,0.468563,0.190277,70.94,0
11985.63,-0.935881,2.271421,0.054779,-0.500743,-0.038238,0.272489,2.893139,0.381582,-0.987772,-0.095739,-0.510022,1.332484,0.416724,-1.026008,1.929641,-2.09278,0.153512,-0.461794,-0.124232,1.431553,0.696882,-0.580765,1.695319,1.519464,0.318673,-0.657655,1.408885,-0.808124,4.23,0
12194.28,1.004456,0.21452,0.723845,-0.203444,-0.715236,0.764369,0.876563,0.860364,0.883624,1.186921,1.272473,-0.989026,0.444631,-2.132743,2.889383,0.221138,-1.06987,0.00769,1.099884,0.656533,0.948726,-0.138513,0.467965,0.722999,-0.659033,0.485873,0.363812,0.642521,323.38,0
12301.4,1.442094,-0.402634,0.782727,2.071865,-0.4443,-0.947702,0.416962,2.116581,1.599213,0.928362,0.062872,1.346979,-2.566048,-1.025177,0.365959,0.180358,0.715331,0.188608,0.102842,-0.695575,-1.074577,-1.844146,-1.30388,-0.268121,-1.886453,0.679852,-0.075583,0.723457,155.85,1
12573.45,-1.868828,2.669408,-1.11728,-1.359196,0.64548,-0.639006,-2.279851,-1.65018,-0.567411,-1.562799,-0.514325,2.16303,-0.369089,0.744827,1.017158,-1.477147,2.533206,0.466305,0.745967,-0.781422,-0.611372,0.181639,-0.897759,1.262444,-0.444275,-1.187523,0.697196,0.248647,12.47,0
12752.05,-1.192484,-1.528398,-0.569797,0.094125,-0.791761,-1.80141,-2.297348,-0.21579,-0.669381,0.514951,-1.292668,-0.77427,-1.925678,1.170539,-1.382749,1.049436,-0.993815,0.072282,-0.390652,0.688873,-0.649562,0.288291,0.196525,0.417713,-1.674753,0.730962,1.339578,0.386398,225.16,0
12794.92,-2.198482,-2.475084,0.022102,0.271128,-2.123157,-0.773325,0.007306,-0.833007,0.590362,-0.314013,-1.337606,0.955741,0.908342,0.739157,1.684702,0.663053,0.323377,-1.699046,0.543127,1.224904,2.293669,0.104185,0.026293,0.433618,1.401022,0.694009,-1.007208,-0.111304,52.93,0
12882.35,-0.118463,0.852247,-0.677159,0.782475,1.696583,0.371854,-0.207259,0.847004,-2.19223,-0.012428,-1.649832,0.318822,0.762512,-2.758937,1.00597,0.871622,-2.134418,-1.366062,1.140993,0.855584,-0.554659,-2.542451,-1.118341,-0.56594,-1.202501,-0.916754,0.771825,1.540177,41.09,0
13302.13,1.041466,-0.335622,1.765763,-0.034732,1.277604,-0.834354,-1.31459,2.088454,0.175328,-0.860331,-1.205144,-0.959118,-1.323776,0.895159,-0.171325,-0.312995,0.466442,-0.886586,-0.506899,-0.870757,1.405616,-1.087715,-2.170266,-0.394551,-0.538124,1.14376,2.146426,1.173494,54.61,0
13432.55,1.963833,-0.990263,0.296392,0.139056,-1.765427,0.078279,-0.213874,-0.576868,0.667892,1.728642,0.657273,0.725448,-1.160088,-2.81523,1.436611,-2.057986,-1.110522,-0.563518,1.144879,1.16877,-1.33293,-0.646827,3.241057,-0.261638,-0.190921,-1.338267,1.178919,-1.253857,158.96,0
13557.26,0.285243,1.190604,0.617418,-0.439803,0.490309,-0.606815,1.896354,-3.192789,0.860199,0.988352,-0.746792,1.007173,-0.782092,0.660181,0.043043,0.874132,-0.803422,1.066716,0.349374,0.896767,-1.075301,0.238919,-0.626365,0.440786,-0.642924,-0.662353,0.507928,-1.292663,95.18,0
14057.07,2.112221,0.604838,0.522656,0.106855,-0.867117,-0.182592,0.594302,-0.307369,-3.061011,-0.872458,-2.366778,-0.17914,-3.004003,-0.94746,-0.147121,-0.655074,-1.364288,-1.640584,1.43308,-0.914408,-0.793428,0.236943,-0.834561,0.466112,-0.644059,0.234257,1.264864,-0.225038,5.4,0
14428.92,-1.423827,-0.41383,1.1947,-0.399715,0.005215,-1.395957,-2.08263,1.626414,-1.29983,-1.494361,2.111535,1.281948,0.206666,0.411798,0.724863,-2.026447,0.793986,-0.655454,0.072423,-0.567869,-0.941398,-0.154551,-0.339336,1.647787,-0.055679,-0.848205,1.021336,1.174354,279.25,0
14533.66,-1.803768,-1.316931,-0.11157,0.398431,0.040198,-0.379507,-0.581931,1.078173,-1.475002,-0.502249,0.031474,-1.060267,-0.548404,-2.172542,-0.712644,1.332519,1.117889,0.947153,0.708255,1.214551,-0.403977,0.531615,-0.740935,0.713672,0.857145,0.059461,1.412957,0.343115,14.13,0
14539.39,0.132878,1.397522,-2.056726,-0.421571,-0.561453,-2.915763,-1.592783,0.918528,-0.00937,0.355241,-2.448892,-0.918042,0.993231,1.006944,1.23523,2.24811,-0.040354,-0.585087,0.247911,0.097521,-0.814053,-0.883779,-0.32874,-1.778795,0.230042,0.040987,-2.199544,-0.773911,120.93,0
14659.96,0.649541,1.117275,0.17624,0.196181,-1.186693,-0.603841,-0.984534,-0.11449,0.561296,0.152105,-1.062723,0.43085,-1.572297,-2.340845,-0.705764,-0.374379,-1.085463,0.344726,0.187231,2.304529,-0.916891,0.510309,0.984366,0.615015,0.817717,-0.306805,-1.587637,0.5033,89.32,0
14748.04,0.159737,0.172374,-1.207149,-0.140002,-1.080591,-1.793981,-1.022311,-1.57178,2.083589,1.211117,-0.268827,0.338894,-0.97787,-1.329299,-0.700219,2.321264,1.803262,-0.389002,0.57478,0.987797,0.922735,0.394884,-0.607641,-0.765285,-1.269411,0.521327,1.739708,-0.33295,18.35,0
15291.5,-2.231636,2.625881,-1.045598,0.815785,-1.337411,0.544511,-1.115648,1.045592,-0.90068,0.726829,2.020219,-0.274598,-2.078456,-1.747927,-0.569084,-0.211978,-0.951246,0.095691,0.878013,-0.207602,0.983493,0.312092,-1.77857,-0.375174,-0.142023,-0.340343,-1.524977,1.377158,16.54,0
15602.07,0.093422,-1.051861,0.421943,-0.158311,-1.241387,0.191167,-2.248993,-0.923027,-0.904586,0.914652,-2.01968,0.987321,-1.455568,-2.708257,0.990342,-0.789938,-2.61297,-0.497762,-1.071364,0.368974,0.728174,-0.164618,-0.64948,-0.251219,-0.276019,0.033241,0.955059,0.6043,180.48,0
15760.41,-1.334939,-1.626134,1.280002,-1.582618,-0.371125,-0.065016,-0.605467,3.479865,1.563597,0.242697,0.973798,0.756877,-1.675946,-0.360343,-0.295432,-1.096212,0.471721,0.597453,1.856674,0.458032,0.332592,1.55004,-0.990957,-0.13127,-0.114145,0.776451,-0.025069,-0.311022,48.08,0
15774.34,0.985206,-0.575012,-0.321833,0.928191,-1.109293,0.804218,-1.236581,1.126131,0.285344,-1.551537,1.581995,1.027461,1.025227,1.813267,-0.978568,1.681722,-1.368394,-2.107901,-1.737133,-0.500181,-0.068533,0.410605,1.138832,-0.704947,0.733177,0.487442,-0.862847,0.460946,93.91,0
16088.16,0.629013,0.239946,0.056656,-0.865103,0.481595,-1.23208,-4.689636,-0.553053,1.740374,-0.303632,-1.331032,0.216088,-1.07602,2.906467,-0.285066,-1.27959,1.095881,-0.662666,-0.455078,-0.7231,-0.6171,-0.83445,0.853725,0.567335,-0.586828,0.483649,0.887572,1.990672,61.96,1
16187,-0.906448,0.604257,1.890631,-0.656652,1.398009,0.990836,2.573229,-0.597889,0.273584,1.009291,-0.826687,0.816151,-0.056006,-0.357006,0.25085,0.576923,-0.516548,0.144352,0.189351,1.230155,-1.041358,0.201987,-0.345889,-0.733681,-0.739502,-1.088336,0.694279,-0.670115,114.82,0
16240.08,-0.405769,-0.006752,-0.032951,-0.608582,-0.954842,0.318777,1.167713,0.158358,-1.892828,-0.152897,-1.916548,-0.050584,-0.682248,0.937748,-0.822528,-1.00887,0.642792,0.434345,0.742205,1.404284,0.182838,0.631488,-1.909434,0.690794,0.037021,0.271453,3.177556,0.702559,57.65,0
16319.74,-1.046697,0.741338,3.074514,1.021276,-0.022194,-0.644782,-0.967917,-0.055425,-2.156558,0.42695,-0.720325,2.016114,-1.784446,-0.185639,-0.795163,-0.887762,1.581926,1.607486,2.012219,1.112028,-1.246426,-0.51054,-1.849832,2.206206,-1.874095,-0.868458,-0.379827,0.034612,29.93,0
16792.1,0.124497,-1.28066,0.394495,-1.882631,0.274038,0.486492,-0.391952,1.923055,-2.483778,-0.43228,-0.480648,-0.353953,-0.418744,0.153171,2.253246,0.938299,-1.49092,-0.696558,-1.735637,2.21518,-1.079273,0.918392,-0.450107,-0.668043,-0.600105,-1.195753,2.305841,0.736903,39.9,0
16877.74,1.320709,2.117892,-2.667353,2.480057,0.242532,-1.361827,-2.127303,0.565859,0.832961,-1.175695,0.519365,2.058679,0.533015,-0.914904,-0.52319,-0.789424,-0.734089,1.591011,-0.261798,-0.274335,0.917565,0.315908,-0.08783,0.174043,-0.515256,-0.213091,0.891179,-0.790026,173.13,0
16905.74,-0.96033,0.19384,0.64172,0.75788,-0.20822,-1.129518,2.052467,-0.773292,1.62192,-0.227986,1.137742,0.346751,-1.707916,-0.23265,-0.021014,-0.819756,-0.156961,-1.024312,-2.028683,2.407547,1.613057,-2.005059,-0.889697,-1.630415,-1.165051,-0.889413,-0.426923,0.28986,55.76,0
17414.44,0.790551,1.706243,0.151851,0.068892,0.5506,-0.951502,2.346289,3.051511,2.611992,0.224078,-1.502587,-0.819443,0.793476,0.202186,-0.062303,1.063938,1.742082,1.406545,0.32673,-0.70898,0.21102,0.245745,-1.008741,0.160805,0.469367,0.487386,1.472324,1.698113,21.21,0
17474,-0.425033,0.729574,1.347746,-0.161207,0.254194,-0.885866,-0.190972,0.365861,1.104246,-0.784549,-3.25377,1.449107,-1.263865,-1.215009,-0.112863,1.633104,-0.842914,0.781389,0.588697,-0.844239,0.874354,-0.35543,-1.135775,0.921333,-1.282323,0.506815,1.16862,-1.188778,240.96,0
17534.28,-0.733676,0.873354,0.536213,0.120445,-1.703285,-1.320823,1.072614,1.415437,1.583325,-0.345465,-0.458607,0.422006,-0.809026,-0.578804,0.861273,0.465955,-0.767717,-1.335477,2.028177,-1.748598,-0.383467,0.448074,-0.49355,0.984133,-0.516641,-1.70037,0.47943,-1.742766,140.7,0
17819.8,0.072372,1.015855,-0.532067,0.31533,0.694544,0.558599,-0.163869,-0.593282,-1.028117,-1.081236,-0.006484,1.02166,0.448158,-0.554593,1.16658,-1.125996,0.494972,0.157152,0.423865,-0.158182,-1.399008,0.79482,-3.15465,0.465692,-0.16203,-0.827683,0.77916,-1.689188,5.06,0
18643.64,-1.018525,0.861949,-1.961257,0.417992,0.715183,-0.663166,-2.367927,0.82361,-1.891777,1.071137,-0.069854,1.329855,-1.032828,0.569108,-0.00505,-0.949386,-0.747381,-0.281007,1.431514,-0.228286,0.414604,0.156715,-1.709336,1.120034,0.714348,-1.340646,-0.343638,-1.518653,605.4,0
19016.97,-0.452524,1.107846,-0.624948,0.343857,-1.163384,-0.159138,-1.019699,0.74775,1.114696,-0.406882,-0.897295,0.597344,-0.163411,-1.834205,-0.874384,-0.225943,0.111667,0.546723,0.929334,1.01782,0.374718,1.40906,-1.174407,2.455309,-0.413062,-0.530642,-0.641219,0.974565,104.89,0
19214.92,-1.209665,1.973376,-1.469289,-0.041683,-0.251489,-0.919976,-0.227073,-2.462486,0.466803,1.419822,-0.248911,-0.171793,-0.600303,-0.545846,1.47142,0.069321,-1.894312,-0.491401,-0.182742,0.676485,-0.088135,-0.161778,0.894762,1.783356,0.369434,0.214903,1.420554,-1.850704,15.43,0
19608.22,2.507239,0.545223,-1.113918,-0.279051,0.483049,-1.950732,-1.081978,3.233606,0.001953,1.499271,1.748546,1.124677,-0.049566,1.947776,0.191714,-1.534067,2.538768,-0.594099,-1.245305,-1.062425,-0.380237,0.522731,-1.385054,-0.01778,0.174735,-0.351656,0.141553,-0.28648,23.92,0
20022.17,0.239606,1.19142,0.424858,-0.240941,-0.532893,-0.227111,-0.738115,2.176591,0.421388,-0.183763,0.120193,0.318529,-3.162685,0.997918,1.897324,0.561938,-1.65437,1.456011,0.592318,-0.093957,0.740186,0.676177,-0.263617,-0.766162,-0.302294,-0.633912,0.328655,1.006989,104.17,0
20057.35,-0.624203,0.184277,1.848103,-0.27704,0.926519,-2.026293,-0.552618,-0.285452,0.325214,-1.15336,-0.964364,0.885009,-2.479245,1.233011,-1.817134,-0.219085,-0.446642,-0.339079,-1.336033,-0.068223,-1.071657,-0.092468,-0.21165,0.076007,-1.304865,0.901308,0.796752,0.722327,133.68,0
20229.18,0.449645,2.113293,0.169637,0.822172,2.395722,-0.506342,-0.537281,-1.31394,1.764595,-2.279829,-1.146529,-1.462918,0.55393,-0.449362,0.463339,-2.425737,-0.106119,0.792341,1.705616,-1.767989,-0.874513,0.653884,0.996738,-0.35987,-1.590078,-2.027108,0.77785,-0.410244,24.13,0
20308.54,0.066146,-0.555448,-1.923857,0.375255,-1.18922,-1.577848,-0.343207,0.800921,1.78133,-1.63804,-0.672053,0.687493,1.076335,-0.072736,2.073227,-1.461862,2.183683,-0.493945,0.115372,-0.805828,-1.092467,-0.516133,0.95688,0.7671,-0.316305,0.849885,-1.426192,0.403634,26.24,0
20418.88,-0.061537,2.568261,0.235357,-2.548369,-1.866472,1.188629,-1.965426,0.420401,0.656406,-1.53537,1.922763,-0.210114,-1.339229,0.792408,-0.049249,-0.941447,-1.627456,1.819928,1.596459,-0.551523,-0.07576,-0.36952,-0.532021,-0.54863,-0.852898,-0.596975,2.105731,0.285356,32.42,0
20531.74,0.919972,0.24679,1.22518,0.426832,0.051117,0.301605,-1.464578,0.812748,1.108288,1.342156,-0.691369,1.684951,-0.512665,1.501069,0.07012,-0.413103,2.267281,-1.047928,-0.231811,2.116314,-1.166679,-1.127628,-1.003457,0.34465,0.355471,-0.218291,0.590423,-0.182495,80.52,0
20665.89,1.088436,-1.506662,-1.152429,0.045311,0.526563,-0.36257,-2.291921,0.573388,0.611218,0.022065,-0.456524,0.833107,0.155508,-2.958842,0.556865,1.990684,0.823446,-0.969425,0.585606,0.613021,-0.791231,0.196112,-1.215893,1.07873,0.212145,-0.583227,0.169238,-0.163568,16.66,0
20712.74,-0.425319,0.458955,-0.526225,-0.131271,-0.557422,0.592091,1.005975,1.032386,-0.850041,0.308301,-1.120842,0.516232,0.649739,-2.150944,-0.241265,-0.032066,0.423111,1.646088,0.520674,1.182689,-0.811241,0.267536,-0.739057,0.322186,-0.556925,1.098465,0.993177,3.290064,9.73,0
21088.21,-0.478579,-0.561323,-0.330498,-0.437214,1.359329,-1.147492,-3.488782,2.405112,0.974576,-2.420473,1.150381,0.720012,-2.724806,1.182549,-0.010765,-1.353865,-1.226968,-0.762502,0.243068,-1.432341,-0.397196,0.995054,-0.956705,-0.359331,-1.361235,-1.154782,0.740462,1.276673,100.36,0
21956.06,-0.125098,1.357407,-1.382917,0.814182,-1.818172,-0.001692,1.262202,1.122624,-2.248508,-1.3515,2.386829,-0.507661,-1.308909,-0.832027,-0.034815,-0.053554,0.60445,1.739715,-0.179917,1.826577,-1.538249,0.664419,0.157264,1.350171,0.017808,-0.145309,1.430465,3.63627,133.41,0
23763.62,-2.507211,-0.525478,0.503438,0.668093,0.493963,-0.285026,1.601494,-1.237192,1.420082,0.828409,0.219124,1.660102,-0.622489,-1.333446,-0.305377,-0.755184,-0.919552,0.872345,0.72049,1.955934,-0.073684,-0.252153,0.006897,-1.111005,-1.245714,0.273603,1.132522,-0.567524,61.4,0
24104.54,-1.582593,-0.265174,-0.509023,-0.755193,-0.984214,-0.232089,-0.859873,2.281498,-1.948876,0.200792,-0.309206,1.964478,0.662045,-2.073121,1.428834,0.074011,1.423197,-0.407479,-0.718453,-2.037095,1.00536,-1.013212,0.20032,0.139158,-1.031239,-1.463481,1.366454,0.014132,39.96,0
24206.52,1.804605,-2.085127,0.202359,0.22096,1.662205,0.59922,-4.213972,2.687091,0.269201,-0.252932,-0.375262,0.642787,2.888625,-1.185237,0.711544,0.3874,-1.210991,-2.435946,-1.027573,-0.472257,-0.028771,0.359198,0.953165,0.369766,-1.213865,-0.902088,2.189935,-1.746607,49.98,0
24351.71,2.131439,-0.272894,-1.517951,-0.919642,1.97307,0.154137,-0.946066,4.891823,-1.425392,0.491511,-3.852682,1.632937,-0.492793,-2.261339,0.514933,1.157566,-0.20109,-0.241973,1.648456,0.981306,1.278835,0.936692,1.633941,0.416162,-0.518813,-0.27521,1.582068,-1.008858,43.44,0
24708.96,-0.094522,-2.758883,-0.925615,-1.257148,-1.16722,-0.211722,-0.512946,-1.3449,0.670144,1.611192,0.64217,-0.152699,-1.954993,2.175212,1.036186,-0.353599,-0.721536,-0.094057,1.085744,1.161171,1.085997,0.633789,-0.326558,0.54881,0.562877,-0.875092,0.224081,2.819208,284.35,0
25037.83,0.87577,-1.699743,0.60097,-0.634275,-0.920133,-1.814109,-1.892532,0.648226,-0.209871,-0.330129,-0.23539,-0.341193,0.288894,-0.508882,0.033813,1.684023,-1.230369,1.209123,0.364127,-0.439797,0.5686,0.914308,0.772906,0.895319,-0.408503,-0.817358,-1.02765,-0.60292,129.12,0
26955.85,0.563964,1.256245,-0.840555,0.597662,0.683654,-1.241256,-1.170417,-2.743211,-2.548573,-0.026504,0.187136,0.351743,1.428331,-0.553984,-0.442508,0.78856,0.804779,1.724273,2.109308,0.011606,-0.085328,-0.190046,-0.863797,0.374805,-0.770675,-0.439041,2.601976,2.843729,20.61,0
26960.02,3.81667,1.288254,1.923205,0.672724,-0.735271,-0.550923,1.811178,1.100811,0.471326,0.10233,-1.449969,0.677537,-0.07605,0.266443,-0.282211,-1.190521,0.562445,-1.056064,2.30E-05,-0.341633,-0.133868,-0.407045,0.869389,0.106708,-1.665321,0.372821,0.123625,-1.62129,42.83,0
27032.32,1.513962,0.833892,-0.875834,0.308681,-0.346351,-0.372777,0.549878,-0.505722,-1.024978,2.401913,-0.98029,-0.007866,-1.334469,0.741748,0.282451,2.383419,1.355332,0.761472,1.735621,0.514954,0.555638,-0.637295,0.730097,0.074848,0.052018,-0.433237,-0.182519,-1.353199,69.38,0
27787.63,0.047824,-0.92185,-0.0541,0.484076,-0.265772,-1.38154,-1.76712,3.099655,1.161246,-2.2939,-1.01845,0.76256,0.978124,0.720848,-0.708774,0.076751,-2.163105,0.717715,0.483817,1.830164,-0.519101,-0.057158,0.670214,-0.089504,-1.049373,0.721177,-1.826001,-0.347662,83.87,0
27859.04,-0.924854,0.237266,0.877648,0.31124,-2.4795,1.538521,-2.748202,-0.835992,-0.157052,0.615278,1.039268,0.571244,0.612939,0.883065,-0.186579,-1.346946,1.184831,1.094402,-0.826036,-0.551799,-1.905787,-0.076491,-0.361064,1.038054,-0.307203,-0.965334,0.873035,0.044086,55.79,0
27929.44,-1.689842,0.292884,-2.216689,-0.646489,-0.310416,0.800416,-0.896077,-2.170067,0.433449,-0.219055,-0.972108,-0.50755,-1.482593,-1.281537,-0.201392,1.701116,2.881465,0.391535,2.308895,1.592529,0.302832,0.166525,-1.220997,-0.117722,-0.697113,-1.171795,0.626456,1.437302,146.78,0
28155.07,0.437286,-1.163175,-2.667414,0.241535,-1.079665,0.046652,-0.73054,-0.393495,-1.593831,0.493528,2.56324,0.746871,0.263044,-0.858668,2.265634,2.221612,-0.599543,-2.593959,1.373335,-0.564664,-1.206838,-0.119687,-2.040035,1.085788,0.288452,1.409953,-1.53777,0.770486,128.93,0
29288.35,-0.690753,2.193085,-2.357905,0.546383,-0.855904,-0.390367,0.303924,-2.587698,-1.042076,-0.786311,0.190756,1.031917,1.02683,0.496248,-2.310627,-0.364305,2.163036,-0.408424,0.160158,-0.644483,-1.049714,-0.123376,-0.512322,0.418653,-0.534299,-0.68931,1.022347,-0.453666,62.16,0
29466.57,-1.473367,1.403706,1.311987,0.50823,1.348371,-0.62471,-1.199715,1.38956,-0.846249,-0.150222,-2.260361,0.459684,1.255807,-1.150151,0.112977,-0.940861,-0.377669,-1.63174,1.085747,1.371997,-0.154588,-0.671193,1.2619,-0.016759,-0.453042,-1.219713,-0.215144,-0.054127,170.26,0
29929.28,-0.561734,0.018809,-1.076189,0.867791,-1.724732,-1.234555,0.326227,-2.71839,1.12462,0.644748,-0.612725,1.270977,-0.292425,-0.486875,1.893,-0.53502,-1.683447,-0.466127,-0.148319,1.497063,-0.243275,0.792609,-0.816635,0.90174,-0.002846,-1.569935,3.931877,-0.316365,122.86,0
29945.26,-1.072946,0.331327,3.01728,0.470185,0.630864,-0.385879,2.401486,0.335446,2.354294,3.155508,-1.364097,-0.688712,-0.654115,0.026024,0.394618,0.551762,-0.427665,0.980166,1.197031,1.411711,-1.468212,0.055644,0.418369,-0.182943,1.337138,0.718478,-0.307708,-1.15722,133.21,0
30130.52,2.181004,0.560179,-1.092496,0.174959,-0.612163,-0.237256,0.76937,-2.736958,-1.365484,0.74577,-3.579893,0.704831,1.312094,0.516762,0.984659,1.241639,1.166035,0.154843,-2.31704,-1.211068,-0.000867,-0.158146,0.484717,0.917679,0.330002,-0.432089,-0.133207,-1.119538,276.78,1
30604.73,1.234324,-2.277031,-0.106924,0.769539,-0.61307,-1.473512,-0.489483,-0.173282,1.45448,-0.98568,1.869233,-0.649748,-1.710894,-2.737969,0.374047,0.37505,-1.054562,1.185731,-0.820635,-0.182574,0.743841,-0.646263,-0.78713,0.574786,-0.477573,-0.360934,-0.704935,1.585254,27.38,0
30661.55,0.188792,-0.014244,1.6799,-0.137734,0.604877,-0.174249,-0.686363,2.691122,-3.410019,-0.542069,0.581833,-0.603279,0.333928,0.427307,-0.342665,-0.199226,-0.774586,0.199607,1.360839,1.377315,-1.204302,-1.144175,1.017523,-0.077261,-0.401693,-0.284164,2.094838,-2.446914,27.52,0
31419.35,1.937492,-0.562499,2.290596,-0.845366,0.092355,-0.577758,-0.939306,0.82001,-1.948376,-0.573073,0.337754,-0.203784,-1.909166,-0.777209,-1.813705,1.511348,0.630816,-1.806158,0.019786,0.431599,1.02878,1.104693,-3.747804,0.829389,-0.838155,0.667984,-0.052026,2.417474,194.18,0
31692.3,0.28909,-0.965533,2.363528,-0.250698,0.354763,-2.022626,1.301633,-0.965638,-1.595643,-1.976369,-0.190523,-0.461043,1.111303,0.418052,0.472731,-0.707098,-0.064281,-3.301261,0.518703,-0.918071,-1.60596,0.462947,-1.846288,0.84386,-1.189548,-0.300677,-0.510022,-0.350151,130.71,0
31942.85,-0.814078,-0.057018,1.240625,-0.732049,0.807251,-1.159091,-1.333818,0.248419,-2.185597,-0.444138,-2.413091,-0.135209,-0.530049,0.506281,-0.443818,0.939119,0.62032,-0.036359,-1.177456,0.935987,1.814593,-1.392929,-1.499894,1.336233,-0.861208,1.749263,1.352289,-0.956539,230.69,0
32230.4,1.98824,2.564158,0.998044,-0.674366,-0.671738,-0.790749,-0.353464,0.320216,-2.53184,0.667141,-1.122714,0.140833,1.363327,1.561594,-0.466921,-0.676748,0.212084,-0.479972,2.308706,-0.483743,-0.537322,0.640568,-1.39171,1.181998,-1.04255,-0.046187,-1.362496,1.17848,5.76,0
32239.31,0.831525,1.105475,0.430055,-0.235353,-0.991471,1.106525,-0.344754,0.983358,0.459787,-1.431235,0.78096,1.010109,0.399454,1.238439,-0.185389,0.204194,0.496719,-1.41312,1.591387,2.553079,-0.019353,0.776306,-0.087898,0.799279,0.1357,0.707659,1.24584,2.230916,87.31,0
32507.34,-1.02088,-0.422783,0.674651,-0.77136,-1.529707,0.009087,-1.150834,-1.699894,-0.479791,0.997156,-1.937965,0.052352,-1.727091,1.229699,1.910907,-0.46297,-0.576776,-2.298159,0.073225,2.25091,-1.914635,0.096413,-0.140035,-0.50543,-1.289724,0.499264,2.749728,1.711961,13.8,0
33737.99,-0.025537,1.019405,-1.075304,-0.370569,-1.23409,-1.550779,-2.420025,1.15831,0.409452,0.410937,-4.064483,-0.993178,1.556859,1.353011,2.527484,-0.39227,0.204905,-1.116914,-0.149402,1.112411,-0.212591,1.351864,-0.022788,2.376756,0.697618,-0.184449,1.169751,0.842603,61.93,0
33832.71,-0.830924,2.061896,-1.426747,-1.682375,3.061779,-0.04905,0.051415,-3.650946,0.875546,-0.866668,-0.754287,1.260575,1.713894,-0.110351,0.48371,-0.786177,-1.159562,-0.456204,1.415777,2.028431,0.057722,0.175079,0.205148,-0.72789,0.217261,-0.631647,1.262472,1.668521,14.96,0
33865.84,-1.426998,1.463312,-0.354272,0.060664,1.121937,-1.725413,-0.50831,-0.624874,0.238955,-0.246998,-0.6317,-0.374248,0.884229,-0.439516,-0.153419,1.323717,1.448827,0.596,2.455592,0.459736,-0.234938,-1.216509,-1.538775,1.16839,-0.387391,0.114816,1.564426,-2.289263,12.11,0
34338.07,1.286668,0.372615,-0.573829,-0.114796,-1.832362,0.442855,0.309815,-0.418307,0.826535,1.572011,-0.233383,0.269351,-1.154559,0.628051,-0.819028,-1.221744,-0.814534,0.012343,1.333012,1.307666,-0.678535,0.301541,-1.841129,0.75093,-0.404073,0.259517,2.656484,-0.602632,1.08,0
34503.63,2.442237,-0.518307,-0.946371,-0.791768,-1.799793,-0.83817,-1.197213,1.217766,-0.263223,0.667892,0.618281,0.687125,-0.589541,0.449322,0.718515,-1.230695,1.260967,1.748267,2.6622,2.169679,-1.035225,0.199083,-0.020161,-0.542948,-0.864953,-0.619962,2.006419,-1.152301,87.9,0
36692.2,-1.445529,1.177827,0.566757,0.429599,0.253758,-0.526954,1.360204,0.326947,-1.937594,-0.089846,0.487702,0.482953,-0.029649,-0.87289,1.94645,2.274555,-0.342879,-1.484857,-0.714293,0.67843,0.896742,-0.523479,-1.177995,0.303162,-0.1811,-0.019723,1.004653,1.863033,39.29,0
37293.87,0.859801,0.793578,0.907545,0.659856,0.32819,0.64328,-1.697456,-1.756352,1.42596,-0.347527,-0.056421,1.222632,-1.082778,0.033719,0.04971,0.874102,0.169905,0.85916,-0.601933,0.072494,-0.126141,0.479065,-2.238482,0.339871,0.495018,0.849343,1.608427,-0.407306,9.82,0
38380.23,-0.566517,1.42619,-0.23347,-1.445723,0.330033,-1.510944,2.076253,-1.142869,-1.041746,-0.018935,1.289053,0.71397,1.888892,-0.52496,-1.941771,-3.245817,-0.650542,-0.160502,-1.005209,-1.681628,1.278306,-1.430197,0.628402,1.455563,-0.985525,1.526603,-0.719449,1.327633,34.44,0
38637.36,-0.374341,1.098324,1.594899,-0.746793,-0.584839,-1.601594,-2.966911,0.583749,-1.560908,-0.634077,-2.609796,-0.394274,-0.031014,-1.564848,0.906774,-1.016337,-1.263886,0.631211,0.774293,0.280716,-0.644494,0.834307,1.106352,-0.171545,-1.671749,0.539173,1.442471,0.890611,16.35,0
38753.74,-0.49806,1.620824,-1.852526,-0.752103,-0.43745,-0.930899,0.214379,0.1786,-0.425625,-2.299539,0.29664,2.119259,-3.562796,1.158441,1.201387,-2.54369,-2.121769,-0.752191,0.48385,1.377841,-0.559212,-0.757598,1.289136,0.192229,0.176903,1.358301,-0.875029,-1.083317,251.1,0
39138.47,-0.817259,-0.377461,-0.604726,-0.893372,0.078502,0.406322,0.27365,-0.55083,-1.526767,2.036061,0.471806,0.47859,0.210868,-0.410289,-1.200777,-1.488525,-1.310183,1.092283,0.126406,1.525741,0.603814,-0.8486,-0.256241,-1.479391,-0.136234,-0.666091,-0.044543,-0.694579,34.07,0
39387.2,0.255188,1.95855,-1.293315,0.570429,-0.19691,-1.702364,-1.579067,-0.407455,-0.784503,0.063362,-2.208481,0.196075,-0.641809,2.121383,0.445664,-4.168799,-0.44918,0.142703,1.175325,0.991713,-1.664376,-0.106506,0.238816,1.801456,-1.330228,0.415306,-3.576416,1.960699,35.91,0
39536.32,-0.778427,0.546583,-2.806573,-0.276145,-2.820514,-2.784694,0.199254,1.309432,0.356482,0.317232,-2.586672,1.11493,-0.302939,-2.544696,0.70234,-0.49167,0.181536,-1.049286,1.637,-0.273761,-1.283476,0.359302,1.077892,-0.459392,-1.010515,0.932454,0.954918,-0.960738,161.83,0
40996.64,0.516021,2.914156,-0.458656,-0.334626,-0.556208,-0.82171,1.445767,-0.46122,0.362907,-0.159572,-1.499493,0.524164,-0.667187,-1.187475,0.212486,-1.722824,1.121509,-0.233052,-1.372655,-2.011047,0.866009,0.130104,-1.190609,0.666812,-1.114422,-0.882946,-0.404618,0.310376,92.19,0
41063.77,0.139118,-0.571582,-0.510076,-1.773583,-1.263676,0.005119,-3.650837,0.165437,-1.50432,-0.867592,-1.378268,0.648008,0.790913,-0.43894,-0.457985,-0.250457,-0.592617,-0.511316,-0.359223,-0.21799,-1.244848,-0.6422,0.785554,0.321612,-1.003193,-0.549294,1.877984,-0.970703,109.42,0
41396.29,-0.082666,2.486331,1.642177,0.409886,-0.095254,0.539785,0.313466,3.45921,-0.889801,-0.293413,0.654046,2.378578,1.178662,0.964036,1.229916,-2.31476,-1.106104,0.379902,1.187203,0.013003,-1.846752,-0.44067,-0.156549,0.324358,-0.671874,1.25688,0.940302,-0.30915,89.29,0
41792.08,-0.868468,0.546975,0.480446,-1.141028,3.102939,-0.831605,-4.053821,-1.782783,1.450711,-1.771192,-1.310758,0.090419,0.141039,0.02692,-0.096069,-0.222272,-1.766209,-1.661176,-0.218197,0.002615,1.583179,-0.97476,0.563399,1.056041,-0.624649,-0.946928,1.894828,0.068917,258.2,0
41827.15,-0.479699,-0.523958,-1.697869,-0.066211,0.123574,-0.788953,-1.827032,-2.407338,0.584753,2.281657,-1.65807,0.055162,-0.630838,-0.086102,-1.106737,-0.832154,0.497235,-0.254243,-0.578819,1.129909,-1.451229,-0.200942,-0.257273,1.750279,-0.942245,-1.24426,-0.97653,-0.971163,20.49,0
42161.41,1.085948,-0.312714,2.090532,0.11368,-0.651504,0.501563,1.955448,1.436953,2.950178,-1.389708,-1.306585,0.414298,-0.26128,-1.911967,-1.633918,1.516176,1.560377,0.265101,1.4037,2.784413,0.016459,0.906252,0.994866,0.60603,-1.030991,1.086357,1.783353,-1.221871,398.76,0
42807.91,0.786873,-0.106505,1.257298,1.009876,0.754461,-1.991243,-1.267447,-0.695998,1.609231,-1.177947,1.178603,1.203892,-0.185705,-1.949656,1.458723,1.405188,1.422808,-0.177961,-1.114944,0.530821,-0.090538,-0.013172,-0.215055,0.931295,-0.593436,0.817304,3.171721,0.538249,157.05,0
43077.7,-0.950727,0.832264,0.416328,-1.198577,0.254693,-0.770068,-2.130547,-0.170276,1.555537,-0.559319,-0.409359,-0.927781,-1.205213,-0.070822,0.856899,0.63827,0.767831,1.428919,-0.036876,0.119034,-2.769049,0.72258,-2.140925,0.668408,-0.265732,0.196174,1.426688,-1.058512,78.55,1
43241.97,0.314904,0.956678,-0.64793,-2.613827,0.183454,-0.292764,-0.707918,-0.845533,-2.238579,1.247649,-0.685552,-1.307325,0.507994,-2.212746,0.362974,-0.723976,0.683793,0.728258,0.650855,0.067612,-0.403436,1.230292,1.170444,1.223411,-0.665769,-0.191974,1.460752,-1.010398,95.93,0
43507.98,1.081243,-0.425962,-1.612648,0.036305,0.396006,-0.079404,2.594998,-0.085034,0.985508,-0.083861,-0.586095,-0.167555,0.360547,-1.155852,-0.130537,2.108417,1.930515,-0.227496,-0.333958,0.531857,0.262287,-0.510464,-1.535872,0.030258,0.55335,-0.511062,0.653393,-1.191667,92.46,0
44572.31,-1.763836,0.266717,-0.839731,1.373765,2.045942,-0.870061,-3.089424,2.625714,-0.238612,-1.391406,1.427698,-1.033113,1.700494,0.155754,-0.213427,-2.226449,0.323035,0.046657,1.14684,-0.621086,0.174758,-0.168479,0.946143,1.270042,0.015619,0.074188,-0.24958,0.024098,5.32,0
44717.18,0.836755,2.99865,1.083184,0.909184,-1.581763,-0.421363,-1.951877,1.463996,-0.984613,1.212377,-1.504132,-0.03337,1.346914,-1.7279,-0.724212,-2.043327,0.692724,0.143242,-0.328564,0.526791,0.685597,1.840063,-0.568948,1.298338,-1.719237,1.128455,1.42283,1.466406,21.73,0
45826.97,-0.580598,2.475713,2.130668,0.057657,0.244387,-2.501229,1.763419,1.551656,0.092711,0.665229,1.461376,0.733398,-1.06041,1.558345,-0.122298,-0.426488,-0.445501,0.274875,1.829377,0.926903,-0.515214,1.220872,0.859243,1.275801,0.028547,0.038948,-1.526022,2.261005,287.7,0
46799.81,0.868768,0.847594,1.681392,-0.522523,-1.349007,-0.992442,2.288584,-1.771908,1.257239,0.463902,-0.125757,-0.418616,0.807349,1.073958,-1.699888,2.437546,-1.671244,-2.451068,0.155002,0.635089,0.507927,-1.434234,0.812726,-0.128699,0.096171,1.605407,-0.110527,-0.890763,67.53,0
46889.11,-0.698872,0.345345,-0.993256,0.551937,0.337577,-0.075867,-0.570156,-1.385247,0.591393,0.649268,-0.658504,-0.861874,-1.389417,-2.476026,-0.406876,-0.571729,-0.872892,-0.587104,1.024745,0.935047,-0.795962,0.320265,0.017988,0.267671,-0.763663,-0.884252,-1.870652,3.169896,42,0
47931.47,-1.923057,0.448775,-1.823476,-0.921205,-1.34025,-1.259598,-2.225549,-3.847414,-1.475317,2.404268,3.16396,0.375236,0.653106,-1.664461,-0.009705,-0.548337,-0.078665,-2.033768,1.10632,0.906251,-1.466716,-0.009063,0.106406,0.596337,-1.64018,-0.170829,-0.482374,-1.284354,126.84,0
48150.11,-1.714636,1.071021,-0.164396,0.278296,-0.769684,-0.401128,2.635722,-0.886704,0.953441,2.18548,-1.944312,1.031102,-0.850735,-3.38323,0.850561,-2.090311,0.003672,1.344949,-0.39258,-1.763045,-1.361854,0.694501,0.009513,-0.701476,-0.397669,-0.457883,1.267866,1.663841,65.68,0
48372.58,0.254674,-0.99223,-2.677457,0.302381,-0.630517,-0.081338,1.904831,1.689473,-1.11438,-0.816988,-0.936094,-1.083593,-1.479086,-1.474247,0.243485,0.835,2.19969,-0.292764,-1.948643,1.152072,-1.514751,-0.644176,-2.738531,1.688751,-0.410708,-1.036317,1.090134,-0.884803,1.17,0
48517.46,0.503405,-0.027104,0.075524,0.761315,0.815937,-0.732168,0.570315,1.048002,0.165634,1.598737,-2.198239,0.996117,0.137309,0.492891,1.023436,0.843877,0.027795,-0.454797,0.685897,-0.430745,0.784251,-0.724789,-0.333701,0.393447,-1.331424,-0.279194,0.499031,-1.095481,117.74,0
48545.48,-0.864652,-1.806519,-0.544106,2.167266,0.750651,-0.30922,-1.603622,-0.029185,-0.613569,0.301571,0.939932,0.993698,-3.527101,-1.006018,1.541203,0.642839,1.319821,0.878407,0.371107,-0.944872,-1.563548,-0.585474,-1.725958,0.63217,-1.60383,0.184159,0.654438,-0.917358,116.41,0
48550.44,0.948679,0.800813,-0.96323,0.208851,-1.712453,-1.24347,-0.490855,0.261406,-0.486981,0.422773,1.998095,1.106794,-2.381631,0.104803,1.269372,-1.094696,-0.580044,0.298143,0.898767,-0.955295,0.100096,-0.496757,-0.274085,-0.06169,-0.476703,0.270996,-2.019972,0.060042,15.95,0
48704.51,-1.754569,1.113486,-2.448785,-0.536857,-0.232145,-0.620095,-0.653141,-0.710939,0.989078,-1.868293,1.970423,1.32541,-0.430144,-2.41369,0.720355,-1.189623,-0.434779,-1.59863,0.045024,0.906002,-0.40214,0.685021,-1.756274,-0.666043,-0.596984,1.608244,-0.051748,0.952893,277.3,0
48735.57,0.1205,-0.311832,0.326171,-0.136951,-1.10226,0.053328,0.062897,0.592616,-1.717634,-0.277167,1.329869,2.13865,-0.107766,0.533005,0.291868,-1.908033,-1.632355,-0.305062,-0.177482,0.111962,-0.250273,-1.015786,-1.803656,-0.083471,-0.749224,0.22245,-0.453364,1.079807,22.4,0
49220.44,-1.225106,2.282092,-1.050974,-1.579345,-1.727006,-0.320343,1.695737,1.411118,2.755585,-0.948834,-0.711936,0.023468,-0.668054,-1.185355,-0.635507,-0.221095,-0.941732,-0.628245,2.483967,-1.654213,1.113538,-0.539935,1.34302,0.580006,-0.473279,0.779428,-0.424371,-1.19863,54.07,0
49371.05,-0.56792,-1.248162,-1.88968,-0.690528,-0.54166,-0.933316,0.86254,-2.06315,-2.8877,0.766703,-0.95269,0.408504,-2.168883,-0.464934,0.972072,-1.647439,0.552466,-2.351854,-1.314483,0.959852,-0.562591,-1.53357,0.739051,0.946084,-1.315827,-0.101153,1.212633,-1.263113,10.77,0
49514.33,0.253868,-1.549028,-4.130313,-0.454392,-0.64576,-0.264904,-1.989874,0.73103,-1.054566,1.020782,-2.828401,-0.02643,-1.22439,-0.598336,1.850075,-1.766283,-0.058983,-1.062532,1.093145,-1.360905,0.414074,0.848407,-0.471837,0.533735,-0.763734,1.208264,-0.686377,-1.160022,81.68,0
50069.05,-0.813054,0.580441,-0.386046,-0.54937,2.467246,0.139395,1.587132,1.654073,0.395677,-2.267899,2.49604,0.319539,0.275178,-2.095202,0.600395,-0.842904,1.04212,-0.442811,-0.334811,0.550538,-0.119857,1.073229,-0.258766,0.68278,0.036479,1.793449,-0.353645,-0.023122,41.59,0
50324.4,-0.253794,1.617729,1.982813,0.010249,0.198097,-2.139807,0.037068,-0.311569,0.716481,-0.122067,0.245502,1.585368,0.511533,-1.944758,2.071968,-0.923105,0.145485,-0.358928,-0.074196,0.669959,-0.296193,-0.288169,-0.746786,0.131718,-0.693601,0.276565,-2.281662,-0.16261,38.49,0
50482.6,1.380825,2.420718,1.836724,-0.796179,-1.862572,0.505828,0.58215,1.316043,-0.309588,1.073873,-1.134693,-0.794227,-0.230133,0.748668,-1.144467,-0.982916,-0.482782,-2.031068,-0.053816,1.45306,1.984477,-0.263359,0.175591,0.803288,-1.786292,-0.961192,0.050271,-1.207369,155,0
50666.82,-0.479841,-0.281189,-0.951463,0.811632,-0.937452,-0.726978,1.718389,4.399656,-0.245031,-0.294202,1.4794,-0.394059,1.224732,0.026314,-0.797482,0.247589,2.461035,1.190103,-0.584525,2.53754,-1.495433,0.376552,-1.229677,1.598416,-0.795036,-0.600644,-0.982046,0.514714,0.85,0
50732.67,1.180323,1.657552,-1.142465,-0.115622,0.867798,-0.098967,-2.039733,0.141731,0.456118,0.663204,-1.825279,1.456633,0.282853,0.853128,1.07975,-0.227006,-0.178424,-0.343216,0.91557,-1.270222,1.044266,1.246546,0.653662,0.971359,-1.288867,0.074176,0.535825,3.328382,141.29,0
50880.77,-1.129546,0.24887,0.267171,-0.123487,2.082248,0.537299,-0.471607,0.86765,-0.505266,0.268113,0.15594,1.161326,-1.137032,-0.068087,0.527696,-0.676862,1.301171,-0.172421,1.809761,0.31782,0.455748,0.338548,-0.752618,1.055783,-0.183537,0.215977,-0.804214,-0.578469,74.86,0
51991.77,0.820823,0.079757,-1.66391,-0.38706,-2.099719,-1.580617,-1.194085,-0.782665,1.928464,0.258175,-0.676041,0.017647,-0.557901,-0.298797,1.508175,-0.099639,-0.540176,0.271625,0.805124,0.046901,-0.600817,-0.603765,-0.940704,0.640301,-0.140804,0.412497,0.568781,-0.477944,377.76,0
52573.06,1.89239,1.411647,0.047389,0.012596,-2.434261,-1.034647,-2.70485,0.558325,1.098618,-0.382689,0.489241,1.02437,-1.949894,-2.67235,0.266331,-1.538553,0.767439,-1.182139,0.405038,0.906254,1.360684,-1.388589,-0.442675,-0.808112,-1.775383,0.218982,0.244631,0.924218,78.65,0
52637.26,-2.706682,1.119951,0.658487,0.566808,1.83473,-0.687648,0.086014,0.965331,1.148776,-1.370961,-0.519404,0.60004,-0.34413,-0.823744,-0.530113,-0.194871,1.024553,0.339762,-0.78423,0.64233,-1.873781,-0.959498,-1.133911,-0.438598,0.22302,-0.149169,2.607495,-0.654849,5.03,0
53737.75,-0.738403,-1.690273,1.265063,-0.833168,0.148764,-1.095913,3.241706,0.578151,-1.606699,-1.271586,-2.512067,1.558413,1.169252,-0.515166,0.081238,-0.139345,0.177548,-0.667267,0.856207,-0.045331,-0.640107,0.052834,-0.096448,0.769944,-1.323605,-0.671635,1.079501,1.078532,4.59,0
53863.67,0.876376,2.15922,-0.481654,-0.660251,-1.282895,0.980591,-3.101662,-1.193489,-0.277991,0.642596,-0.319543,0.379513,0.639907,1.999974,-1.151111,-2.165209,-2.839518,-1.314842,2.645337,-0.15226,-1.278843,-0.567803,-1.073249,0.394525,0.884393,0.171007,-1.959849,-0.88035,189.68,0
54320.71,-0.040471,2.037606,-0.617907,-0.367065,0.313809,-1.156113,-0.46644,0.594954,-0.609247,-0.078686,1.078394,1.165953,1.528806,0.392016,-0.773591,0.895965,-0.046397,0.482961,-0.12321,-0.969817,0.228496,0.156549,0.061277,0.757828,-0.444652,1.351988,-1.212322,2.720674,162.58,0
54764.12,0.634357,-0.491356,-1.505435,-1.229229,-3.294485,-0.907771,0.514334,2.426832,-1.665802,-0.243844,-0.470057,2.502464,-0.585661,1.470343,1.189283,-1.403679,1.380582,1.605922,-0.118069,1.576846,-1.190092,-0.480567,0.904353,1.754438,-1.434533,0.673659,0.504616,0.620841,37.5,0
54951,-0.511682,0.796501,-1.438174,-0.793563,-0.290825,-0.281251,-0.239974,0.948358,0.380621,-0.542205,0.685208,0.812445,1.459466,0.278458,1.09618,-0.213209,0.553054,0.668096,-0.320066,0.937059,0.24801,-0.910958,-1.278478,0.988483,-1.348236,0.279504,-0.776562,-0.74126,85.03,0
55118.99,0.299928,0.920357,-0.647923,-0.509769,0.078435,-1.440855,-0.584291,1.697181,-0.964631,-0.418104,-1.929791,0.358691,-0.449755,-1.383714,0.619919,1.102659,0.456947,0.910425,-0.241851,1.492018,-0.328206,-1.012234,-0.614439,1.417928,-0.116621,0.681488,-3.427893,-0.697027,59.42,0
55177.4,0.015199,0.626114,0.133697,0.607586,0.75727,-0.775971,-2.31325,-0.051793,0.823,0.995513,-0.465812,0.915263,1.615097,-0.331647,-1.327116,0.810188,-2.095278,-0.855061,-2.703583,0.00568,-0.600658,1.321403,0.053164,0.479649,-0.727762,-0.456263,2.188053,-0.591294,301.82,0
55304.57,1.570618,-0.396463,0.852632,0.101423,-1.44861,-0.188036,-0.080052,1.387811,-1.762582,-0.449526,-1.32508,0.01587,-0.23712,-0.180395,-0.05405,-0.281785,-0.915983,-2.172184,0.734217,-0.413585,0.206697,0.747773,-0.958762,-0.247227,-0.484225,-0.567713,1.369546,2.072135,264.6,1
55430.8,0.497174,-0.549435,-1.406978,0.044363,-0.197144,-0.72418,-1.522518,0.701302,2.416722,-1.501109,0.644798,2.292407,0.66712,-1.673077,-0.86366,-0.767939,0.416357,1.604043,-0.630486,-0.923664,-0.404649,1.464659,0.056536,0.356704,0.928694,-0.762278,1.110403,-1.657134,364.46,0
55806.88,0.594935,0.265204,1.614851,0.588152,-1.347919,-0.526749,-3.611629,-1.093153,-1.502077,0.678456,-0.382862,0.466797,1.619471,-0.968545,1.379952,0.836938,0.41521,2.294258,-1.464976,0.815691,-1.167369,0.450435,0.159262,-0.245241,-0.982291,-0.256614,-0.357082,-0.808912,177.87,0
55849.47,-0.285904,1.776139,-0.706685,-0.229441,-0.004008,-0.886159,1.32197,0.75856,0.169558,-0.313228,0.563062,0.092228,-0.449908,-0.741705,-0.264552,0.502714,1.361991,1.668456,1.11414,-0.877045,2.450848,-0.375843,0.754632,1.659234,-0.354775,-0.497643,0.989055,-0.658864,212.3,0
56191.68,-0.374906,0.98286,-0.377955,0.207237,-1.313686,-1.698344,0.977653,-1.152647,1.027461,-0.066205,1.134189,-0.373089,0.060841,1.55868,-0.733565,-1.081397,-0.238416,-0.629002,-0.888529,2.618598,-0.607925,1.117792,-1.150653,1.040349,0.769224,0.826655,-0.48329,0.11194,21.64,0
56217.08,-0.31021,-0.169888,-1.333314,-0.201188,-0.759138,-0.184623,-0.344078,-0.629244,-1.014069,1.581688,0.565281,1.225146,1.388479,-3.122842,0.308622,-1.29766,0.409843,-1.630427,-0.07735,-1.201199,-2.217463,-0.037711,-1.530508,0.822843,-0.180746,-0.540954,0.699253,-0.248664,157.08,0
56229.07,0.661748,1.270473,-3.540625,0.10374,-1.428032,0.997077,-0.085463,0.570107,1.118276,-0.120526,-0.035812,1.034942,-0.374968,1.050949,-0.317273,-2.862661,-0.048607,-1.521642,1.892476,0.712512,-0.938058,0.178591,-0.814077,1.399437,-1.732261,-0.806904,-0.764513,-1.971227,109.02,0
56793.23,-0.296608,-3.294348,0.813753,-0.597908,0.446409,-0.434586,1.146647,0.727524,-2.000811,0.203311,-1.861829,-0.093336,-1.848228,-1.67008,1.666961,-0.135144,-1.229686,-2.277497,-1.245583,2.27755,-1.33353,-0.046022,-1.55868,-1.224704,0.013389,1.423138,2.40492,-0.430381,290.77,1
57179.18,0.538725,1.745923,0.620006,-2.13342,0.68236,-0.264041,-0.092365,-1.440792,2.016772,-1.33159,-0.432095,0.794546,2.447817,-2.222872,-0.405705,-0.425158,-2.723341,-0.349668,-1.380224,1.10635,0.613628,-2.519959,0.169525,0.877345,-1.365607,-0.5215,-1.609462,-0.006458,74.82,0
58339.9,2.637313,-1.896207,-0.720115,-0.226882,-0.561695,0.12135,0.8984,1.831379,-0.137837,-0.328693,-1.193773,-0.929452,-0.79263,1.018087,-1.026432,1.068087,0.43949,1.745345,0.586103,0.593927,0.144383,1.357507,-1.777488,-0.652961,0.758449,-0.030129,2.035539,-0.75266,7.86,0
58405.56,1.221966,-0.159582,-0.261658,1.061242,-0.251147,-1.496241,-0.853024,1.128318,-1.052683,0.538228,-0.922274,0.470848,-0.013118,0.44909,-1.730555,0.116028,0.136883,-0.391596,1.546599,-0.790745,0.216059,0.408738,2.164214,0.397493,-1.084471,0.211773,0.483427,1.103677,80.38,0
58584.35,-0.185003,-1.114384,0.32925,0.650462,-1.943349,0.953861,1.493091,-0.734048,-0.607323,-1.725168,-0.966038,0.692268,1.223706,1.112796,0.252023,1.3107,-0.795582,0.151384,-1.425777,-1.290908,-0.498965,0.27143,0.994495,0.152123,2.050088,-1.078193,-0.203796,1.432109,102.5,0
58890.85,1.609909,-1.335059,-2.40646,0.682877,-0.635737,-0.282949,0.048224,-1.948932,1.053023,0.110953,-1.835564,1.729618,-0.964687,0.536468,-0.244193,-1.178178,-1.973931,1.463964,0.737113,1.313248,-0.414628,-0.062166,-0.452981,0.936661,0.808511,0.848757,0.650019,0.023422,21.99,0
58936.27,-0.281436,1.761131,-1.046172,0.906854,-0.351806,0.895608,-0.136515,0.082564,-1.034769,0.006347,-3.239426,-0.319451,-1.460004,2.135526,-1.054156,1.070487,0.67343,-0.712542,0.926238,2.204082,-0.499811,0.129681,0.511158,0.587246,-1.06277,0.362698,1.386616,0.459567,44.27,0
60343.41,-2.19718,-0.292306,0.695583,-0.042447,2.68813,-1.054097,-2.27075,-0.356561,-1.281854,-0.055864,-1.38775,-0.739108,0.104681,0.229166,1.39181,-0.971814,-0.380917,2.271042,-1.954835,-0.149776,-0.230316,-0.518352,-2.313292,1.487425,-0.387794,1.111053,2.210424,-2.91689,80.62,0
60638.11,-0.986609,0.734338,-2.000731,0.047445,-1.560228,1.049123,-0.00109,0.458973,-0.490982,0.985317,-0.150342,-0.422485,-2.433846,-0.679109,0.904154,0.628776,0.587655,2.21792,1.163586,-0.99718,0.622174,0.515713,2.378915,-0.081752,0.218582,-0.706583,0.840091,-0.460425,41.4,0
61059.27,-2.000519,0.238263,0.036551,-0.626775,1.371754,0.189311,-1.632124,-0.235741,-1.922563,0.250625,-2.364485,-0.787244,-0.567083,-0.044888,0.254423,-2.110952,2.126426,-0.378692,1.248818,-2.59358,0.157798,-1.123036,-1.13286,0.974845,0.243392,-0.074321,-0.725641,1.552695,41.52,0
61512.08,-0.214961,0.898935,-2.135369,-0.377279,0.839886,0.00619,-1.349808,-2.634331,2.568811,1.44629,-0.405569,1.423126,0.093893,1.098764,1.555396,-0.035785,-2.588719,-0.924653,-0.048013,-0.805608,0.310375,0.148968,-0.603072,0.534083,-0.038727,-0.122873,0.505165,-0.46372,12.62,0
61646.97,0.219808,0.394292,0.264086,0.393632,0.024733,-0.256818,-1.607956,-0.272544,-1.007707,-1.137824,2.30127,1.598404,-0.544816,-1.470163,0.899754,-2.755261,-0.891434,0.634353,1.658844,0.243776,0.309859,0.468855,-2.560447,-0.914605,0.630625,0.059518,2.795761,-0.906778,249.67,0
61942.88,2.168424,-1.32032,-0.396742,0.880177,1.706868,-0.654653,-1.973633,-0.15187,1.087032,0.043079,1.041327,0.582677,-2.124252,-1.30826,-0.487961,-0.651113,-0.314354,-0.643359,1.532379,2.316602,0.667852,-0.178783,0.081312,-0.337009,-0.505975,-1.336445,2.185623,3.349728,122.65,0
62120.07,0.582389,1.553635,-2.475673,-0.231157,0.128837,0.540007,2.67789,1.218253,0.154826,-0.01072,1.932532,1.327738,1.76714,-0.872756,-0.690097,0.215626,1.6447,-1.632777,0.40475,1.195959,0.113221,0.306396,-1.714995,0.282548,-0.707444,-0.064809,1.614764,2.702261,0.11,0
62240.94,-0.05934,-0.32516,1.183203,-0.488234,0.148246,-0.334039,1.521306,-0.724525,-1.634235,-1.216932,0.133685,0.428668,-0.081601,-3.15312,1.044978,-0.962078,-1.994213,1.348566,-0.200417,0.750543,0.17898,-0.854042,-0.352508,1.299782,-0.691034,-1.313578,1.467695,0.79421,128.18,0
62835.2,1.172935,-1.665293,-1.316703,-0.115357,-0.355125,-2.071484,2.379931,2.742609,-0.16796,0.900774,1.248806,0.239261,1.56495,-0.305036,0.651088,-1.610723,2.210962,1.269329,-0.769375,-0.102905,0.95095,-0.832312,-1.081044,0.777074,0.305145,0.136237,1.342528,1.742002,118.94,0
63307.33,-2.400514,-0.242391,-1.416288,0.381583,1.097911,-1.370808,-2.201996,-2.494565,1.015689,2.331409,-1.467927,0.04253,-0.532518,-2.875693,0.439371,0.712722,0.092043,-0.028161,0.251231,-0.324429,-0.773376,0.192115,-1.682738,-0.537595,-0.102499,-1.883972,1.939906,-3.008487,0.86,0
63541.29,0.475072,2.189758,-0.085841,-1.31029,0.953255,-0.602975,-0.315518,2.206528,-0.441123,-0.116809,-1.353562,0.061256,-1.301433,-0.413006,-0.510048,-0.450597,-0.180892,-1.76279,0.913971,2.082456,-0.950749,0.568505,-1.374393,0.290255,-0.163578,-1.65891,-0.161086,-0.977777,40.77,0
63552.93,1.104134,1.369484,1.16201,-2.015417,-1.006768,-0.194182,-2.304928,-0.033278,1.628687,0.428968,-4.362331,-0.961903,0.123835,0.618492,0.848755,-0.923613,-0.301034,-1.722018,-0.061535,0.624261,-1.257859,-1.606707,-0.212501,2.029572,0.252958,0.510075,-1.329634,-0.529398,82.46,0
63963.42,-1.539573,-0.142195,-1.686859,-0.571251,-1.796139,-0.496411,-1.433498,1.547807,1.371571,-0.010666,1.275572,0.536404,-0.477639,-1.086002,-0.425033,-0.27252,-0.58144,-0.087209,-2.105799,-2.163267,0.015339,0.43516,-1.912541,0.49298,-2.099617,-0.599046,0.522559,-0.199069,53.26,0
64046.96,1.542379,-0.142959,-0.268648,-1.125685,-0.525685,0.555209,-1.757736,0.410341,1.217837,-0.84508,1.78428,0.284554,-1.670712,1.649477,0.185505,2.906302,1.165933,-0.829673,1.676705,-0.433801,-1.87901,-0.472285,-1.311739,0.139536,-0.148052,-0.957292,-0.630547,-0.557615,132.97,0
64284.73,0.595986,-0.108129,0.214579,-0.536176,-1.205213,-2.05832,1.387555,1.956199,-0.847774,-2.002629,-1.222624,0.934209,1.612863,-2.335164,1.632581,1.089295,-1.325717,-0.635493,0.499803,-0.657298,0.275068,-0.173789,0.280933,0.799654,-0.22368,0.877482,-0.939364,-3.466038,48.96,0
64673.99,-0.289913,2.916031,0.562437,-0.238052,-0.366966,-0.331378,-0.996968,-0.271108,-1.777042,-0.836914,-0.792845,0.395235,-0.981773,1.032461,-0.336593,1.100407,0.33873,1.031481,-0.122043,-0.27977,-0.25636,-1.150654,2.468138,1.01859,0.975003,0.111292,-0.503993,0.679077,14.76,0
64720.53,0.94185,0.779015,-0.117598,-0.490764,1.113696,-1.948568,1.13799,-1.308617,-1.07842,-1.554318,-1.510868,0.183372,-2.492373,0.377006,-1.188766,0.209736,-0.520131,0.678308,1.227596,1.062566,0.900568,-0.735019,0.071501,0.035697,-1.667778,0.553568,3.665249,0.901619,331.06,0
64733.06,2.866833,0.839673,-0.832914,1.085829,-0.815135,0.176579,0.461241,2.366017,0.135004,1.682604,0.121514,-0.402446,1.437224,-2.659679,-0.702548,-0.119887,-0.965046,1.467077,1.955983,0.251294,-0.779767,0.813486,-1.501732,0.808386,0.882744,-0.289883,0.609858,2.395648,24.48,0
64777.64,0.411903,1.596527,-1.439108,0.154522,-0.343406,-0.527632,2.938625,0.128402,0.658753,-0.219376,1.187652,0.377564,-0.83546,2.962204,1.209701,-3.259255,2.976259,-1.429847,-2.765361,0.288301,-0.343909,0.018455,-0.881228,0.138276,-0.342008,2.021855,0.903515,-0.978847,111.74,0
64900.73,0.489887,0.598519,-0.236448,0.132788,-0.22863,-0.103815,-2.575967,0.617121,-3.412857,-0.460687,-2.931243,0.928319,-0.963856,-0.561343,0.518766,-1.155656,0.425413,-0.638059,0.766112,1.970905,0.889,-0.335623,-0.431536,0.983076,-0.000166,-0.645897,-1.157012,-1.094408,13.65,1
65017.66,-0.34171,-0.029204,-1.760984,0.398957,0.670956,-1.161975,1.416197,2.095061,-0.171195,0.830578,0.159985,-0.627471,-2.399506,-1.594757,0.160383,-0.912591,0.654037,0.709863,-1.264607,-0.46154,1.131702,-0.108775,-0.861276,0.540104,0.980881,1.262234,-1.965201,-3.649513,35.25,0
66544.89,-0.800633,0.049845,-4.194923,-1.057947,-2.851914,0.605083,1.25178,-1.211372,0.077838,-1.271817,-0.825478,0.390232,1.949162,-2.267331,-0.194831,-2.620751,1.271478,0.329638,0.836876,2.637401,-0.787427,0.407211,0.551383,0.791778,0.059156,-0.204691,-0.63246,-0.280369,51.55,0
66718.54,1.174028,0.207143,0.224771,0.743861,-0.98517,0.40908,-1.838277,1.162575,-0.574902,-0.900784,-0.265224,0.510597,-1.80927,-0.759803,0.734229,-1.741781,-1.741058,1.655705,0.431823,-0.431099,0.014284,0.365709,-0.221879,-0.208516,-0.073415,-1.498823,2.303351,1.406277,18.86,0
66827.87,-0.807966,0.250492,0.839931,-0.178473,-0.054199,0.031339,1.048712,-0.566541,1.775769,-0.02786,0.231162,-0.275831,-0.137522,-0.642191,-0.512483,-2.750542,1.994869,0.295956,0.985958,0.489274,0.119052,-0.073455,0.55679,-0.258567,-0.204073,0.237382,0.867576,-0.729606,52.81,0
67075.76,0.282271,1.214906,-3.459931,0.438893,1.071176,-0.556536,0.070613,0.10114,0.472945,0.976545,-0.698409,-0.168168,0.92185,-0.350034,0.566351,-0.370796,-3.021361,2.041831,-0.252581,0.041009,0.192751,0.921533,-0.821822,1.165355,-0.803951,0.100843,1.211354,3.160203,15.11,0
67163.44,-0.363214,0.362925,-1.678842,-1.002538,-0.854515,0.028299,-0.750976,0.399368,1.804115,0.42548,-0.576875,0.508586,0.313015,-0.858578,-0.402383,0.679213,-0.972854,0.442077,-1.751949,0.530688,-0.399026,0.817181,1.027849,0.339352,-0.427884,-1.008845,1.393402,-0.228172,72.33,0
67254.05,0.761091,1.221224,0.465102,-1.401214,-2.430424,-1.032546,-1.620434,-1.89443,-0.482627,0.160593,-0.735283,-0.61927,-0.283998,0.32378,-0.557845,1.032049,-0.608243,1.080649,-0.199242,0.919375,1.037059,0.342604,-0.654941,0.633062,-0.995738,-0.903973,-0.336306,0.341612,96.28,0
67927.29,0.590304,0.195649,2.358252,0.560845,0.410644,0.255596,-1.467629,-0.84215,1.245651,-0.017358,0.965576,0.60724,-2.320476,-0.972663,-0.314782,0.184301,0.616907,-0.613995,0.736194,0.906357,-1.912468,0.036982,-1.562557,0.156405,-0.441173,-0.174905,2.238021,-1.79034,5.7,0
68861.62,1.417549,0.396578,-0.322462,0.195609,-1.017791,0.910138,2.568622,2.264738,2.290897,0.319416,0.173373,-0.422424,-1.214261,-2.937712,-0.069936,-1.50409,0.189587,-0.200874,1.400268,-0.530106,-0.546502,0.55042,1.988606,1.127661,-2.335081,0.129262,-0.390227,0.539586,181.03,0
70667.07,-0.401244,-2.222138,-1.308031,-0.862058,-1.64866,0.432895,-0.418389,1.586617,1.806365,0.111798,-0.111268,1.19673,0.022904,-0.670072,0.235167,-2.690793,-0.264253,0.895709,-0.986538,-0.977639,0.261838,0.258179,-2.525533,-0.086517,-0.049717,-2.161794,2.261779,-2.660315,18.09,0
70914.17,-0.119014,1.452839,-0.59056,-0.835263,-1.005252,-1.051269,0.720725,0.202563,-1.795471,-1.175862,-2.253566,2.250948,-1.186292,-3.486986,0.500758,-2.476163,-0.082006,1.754273,1.413001,3.410692,0.270483,0.894138,-1.300378,0.294055,-0.504957,0.700622,1.008077,1.113451,22.56,0
71300.33,-0.952147,0.734319,1.459786,0.815276,-0.50468,-0.151791,-1.572277,0.648578,-0.539139,-0.050854,-0.971849,-0.393817,0.042201,-0.031116,-3.165038,-1.87846,-1.219186,0.673486,-0.414768,-0.204399,1.103447,0.756781,-1.174381,1.036804,-0.682223,-0.55653,-1.894048,1.156835,95.66,0
72128.62,-0.324002,1.555833,-1.200051,-1.09979,-0.982944,-1.515872,-1.556175,-0.135275,-0.676223,-1.221568,0.862669,0.759616,0.635508,-1.724059,-0.473755,-1.412776,-1.830385,-0.320063,0.687745,1.22752,0.959711,-0.876974,2.361921,1.348683,-0.222697,-1.236638,-0.540061,2.053135,55.88,0
72506.89,0.641591,-3.35451,-1.40173,1.243185,-2.804883,0.022143,1.157823,2.272776,0.574047,-0.014258,-0.37395,-0.283006,0.983716,-0.272929,-0.085035,-0.519552,0.787347,1.466089,-0.264199,-1.564261,-0.420387,-0.934654,1.570767,-0.018778,-1.589237,0.609598,-1.888706,-1.305903,61.13,0
73305.56,1.087826,2.930692,-0.98522,-0.860874,0.726309,-0.078262,-2.386659,0.001682,0.869374,-0.601546,0.519194,1.178622,-1.730761,1.18843,1.686877,-1.566285,0.74873,-2.899066,0.491016,0.042934,1.054255,-0.606923,1.217817,1.982729,1.190286,-0.174028,1.945795,0.36077,12.12,0
73804.23,-0.885629,0.121415,-1.604606,0.412347,1.156304,-1.991305,-1.024641,0.632122,-1.41601,2.555886,2.109155,-0.728281,2.514342,-1.68526,-0.728198,0.091429,1.797342,-1.957694,1.265483,0.227387,-0.818948,0.822016,-0.84011,0.655795,-0.489278,0.833065,0.400641,0.930084,144.76,0
73879.09,1.220181,1.694752,-0.188372,-0.387658,0.446848,-1.407576,-0.369783,1.965643,-0.057391,-0.140739,1.063661,0.71528,0.741841,0.867361,0.432877,-0.608401,-0.99787,0.61527,-1.046756,0.953531,0.711051,-1.352372,2.269289,-0.437197,-0.524883,0.200912,-2.465404,0.758501,84.8,0
73990.22,1.791399,-1.013808,1.788577,0.383222,-1.589499,-0.683187,-0.257037,-0.840012,-3.185638,-1.567158,-0.29429,-0.403931,-0.212139,-1.030776,1.677505,-0.310927,0.747681,-0.201093,-0.449724,-2.91342,1.529227,0.326747,-0.051705,0.700775,-1.202277,-0.156073,0.921514,-1.087541,12.85,0
74130.17,0.684058,1.070083,0.075407,-0.565937,-0.52399,-0.697797,-0.680449,2.567733,2.00153,-0.239315,-1.162029,0.146758,1.141267,1.746094,-0.945844,1.07306,-0.401855,0.522177,0.494063,0.58239,0.975261,0.299304,0.635078,0.094667,-0.384544,-0.278907,-0.265832,-3.242911,41.38,0
74640.1,2.403899,-1.030843,-0.68198,-0.250471,-0.302089,-1.446896,0.157601,-1.938541,-0.926765,0.443958,-4.095767,-0.534604,2.723646,-0.944118,0.648853,-1.769732,1.333513,-0.139579,2.912949,-1.010105,-0.056416,0.9809,-0.264489,0.753174,0.742044,0.237271,-1.497049,0.623926,146.92,0
74969.56,-0.711248,-0.489094,-0.733914,-0.081941,0.386837,-0.129068,0.59059,2.671085,-0.075333,1.650467,-0.669945,0.997869,-1.994362,-1.54778,-0.46873,0.189103,1.135145,0.479901,-0.649733,0.773852,-0.463394,0.144087,-0.522957,0.368801,0.451892,-0.490759,2.6152,-0.081211,74.23,0
75854.26,-1.26464,2.710859,-2.407308,-0.9449,0.46599,-0.242433,0.651495,-0.249685,-0.623008,-0.7153,-0.896346,-0.374157,-0.489391,0.392374,-0.190664,-0.340965,0.180747,-1.214335,2.518517,-0.872853,-1.576586,-1.153798,-0.751142,0.463201,0.301892,-0.847398,0.57235,-0.665937,10.16,0
76058.35,-1.89231,0.056991,0.812521,0.497089,-1.130251,-0.60992,-1.856389,-0.060088,1.558136,-1.753453,0.132591,0.774298,-3.159823,-1.033824,-0.469514,-0.732396,-0.467569,0.479339,2.479548,-0.65399,0.134047,-0.826799,-0.703615,-0.331349,0.047285,0.340595,0.051171,1.212626,41.21,0
76296.47,1.956414,0.571591,-0.452281,-0.540373,-0.201346,-1.07286,-0.833597,-2.463013,-4.410674,0.754971,-0.649148,0.033385,0.02892,-1.548995,-0.402946,0.76067,1.063301,0.99779,0.186032,0.050178,-1.192094,-1.016463,0.219145,1.201271,-0.700687,-0.272212,-0.086686,0.070671,24.56,0
77491.39,0.967216,1.394509,-0.587379,-0.304913,0.225776,0.414837,1.322219,-0.369471,-0.183926,-1.542441,-0.888264,0.223252,0.243162,-1.087226,2.823709,0.753022,0.693636,1.274347,-0.033136,-0.892216,-0.892515,-0.467806,-0.053005,-0.528429,-1.602957,-0.127575,-1.535382,-1.728351,64.38,0
78544.7,0.132835,0.922439,3.852949,-0.938416,1.362245,0.915024,0.884741,-1.222825,-0.317594,-0.555029,-2.983851,0.440077,-0.258583,-0.537038,1.069711,-1.483379,-0.873588,2.244165,-0.462993,-0.194172,-1.262346,-0.165351,-0.502661,-0.490257,-0.570503,0.730075,-1.263904,-2.592736,163.78,0
78737.49,0.5272,0.487092,0.043389,-2.235605,0.507151,-0.848423,-2.420599,-0.592435,-0.838753,-0.368371,-1.778173,-0.312014,-1.021787,1.224122,1.310075,-0.547009,-1.630932,0.080178,0.217796,-1.062912,-0.583021,-1.002361,1.235407,0.699411,-0.599294,-0.247346,2.103994,-1.459782,50.64,0
78808.89,-1.124589,0.757611,-1.339341,-0.27383,0.60338,-0.954451,0.092967,0.09364,2.427489,-0.171831,0.256522,0.491847,-2.751889,-2.936599,0.740426,0.020663,-0.407536,0.116637,-1.242859,-1.837199,-0.180811,1.243292,-3.813326,1.695138,0.462536,-0.14263,-0.183527,3.512542,50.18,0
79186.1,3.072574,3.327932,-0.911004,1.880157,-0.199262,-0.044787,-3.30304,1.691061,-1.488586,0.62149,2.036472,1.583269,0.253256,-0.451078,-1.219846,-0.658303,1.716022,-2.081138,0.209027,1.613268,0.099701,-1.138526,0.10793,0.119172,-0.148612,-0.641946,0.461514,1.154504,208.29,0
80127.08,0.350031,0.224774,1.161757,0.533308,1.310616,-0.74493,-0.350968,0.596765,0.997399,-0.813767,-0.568169,-0.325467,1.595066,0.313212,0.649772,0.392856,1.281732,-0.868246,1.925692,-1.187168,-0.713346,1.137183,0.342363,0.968283,0.928307,0.195053,-2.226076,0.400371,75.84,0
80455.34,0.32673,0.550995,-0.200744,-0.131727,0.171695,-0.564681,2.346987,0.742741,0.374761,-0.385213,0.042743,1.286821,-0.943014,-0.234718,1.283161,0.020639,-1.377285,-0.45448,-0.374624,0.165083,0.839778,1.00008,0.82648,1.268389,0.585438,0.129327,-1.281519,-0.122381,73.79,0
80984.56,1.051132,1.622213,-2.242898,-0.333282,-1.274695,0.160041,-1.801126,-1.304093,1.731185,-0.113949,0.939955,1.556613,0.335765,1.183084,-0.516496,1.9212,-1.442536,1.06616,0.029532,1.292482,-0.348454,0.755709,-0.540332,1.059928,-0.781649,0.576869,1.225944,-0.215181,26.83,0
81598.74,0.763476,1.691402,0.860061,-0.097207,1.302547,-2.023903,-1.635576,-0.990816,-1.158735,0.057375,-1.592783,-0.356937,-2.154878,-0.574805,1.182634,-2.198571,1.432641,-0.965582,-1.564146,-0.362888,-0.887481,-0.600549,-0.232654,0.152526,-1.888086,-0.625276,0.92407,1.781935,82.68,0
81815.92,0.461285,1.794172,-1.229245,0.336837,0.499636,0.637102,0.69434,2.917726,-1.257297,0.003248,0.098763,-0.885215,0.357038,-0.714762,0.938806,-0.473841,-1.404723,0.755551,0.700417,-0.6173,0.055686,0.282188,0.644873,-0.475977,0.7409,-0.526733,2.713279,-0.558535,75.79,0
81937.24,-0.730857,1.102811,2.11581,-1.092676,-0.798908,-0.389836,-2.668323,-0.778499,1.483281,0.356813,-1.491662,0.567582,-0.697899,0.271844,2.011038,-1.43684,0.531646,-0.22033,0.580838,0.655121,1.671566,-1.097712,1.214702,-1.37581,0.719252,0.488621,2.179482,0.948584,44.67,0
84577.44,0.752263,-1.143807,1.071732,0.806082,-0.840391,-0.789008,-1.34175,2.709837,0.478251,0.783202,0.814057,-0.134722,-1.155589,-0.354265,-0.109525,0.416238,-0.793106,-0.435018,0.361737,1.734261,0.156947,0.766446,-0.806135,0.191507,-1.533567,0.050033,0.132746,-0.357822,413.24,0
84951.22,2.410044,2.357046,-0.938598,0.47604,0.042874,-0.523325,0.450046,-0.060617,-2.473927,0.311468,-0.210632,1.862968,-1.153041,-0.976192,-0.744648,-2.305022,1.83566,0.086042,0.05561,-1.033794,-0.492299,-0.072567,-0.166046,1.352809,0.843114,-0.890975,1.047943,2.8732,188.73,0
85107.06,1.77939,-1.14802,1.336247,0.47836,0.232496,-0.480732,-1.343982,0.297273,-0.967117,0.375193,0.000574,0.346685,-0.698183,0.175092,-0.057062,0.100417,-0.974807,-0.696719,-0.027249,0.199614,-1.575535,-0.358234,1.426077,-0.50267,-0.088501,0.906488,0.021033,1.182051,122.33,0
85125.62,2.070582,0.679024,-0.260519,0.246956,-0.070123,-1.877025,-0.763358,1.855271,0.419906,-1.753239,-1.552143,-0.345398,0.264294,-1.309073,1.621955,-1.09571,1.278052,-0.743046,0.839921,-1.71536,-0.358878,-1.052028,-2.862826,0.967668,-0.271523,-1.534516,3.105329,1.892565,68.1,0
85327.88,-0.402653,-0.653653,0.772593,-0.099564,0.059642,0.782727,0.665413,2.149238,1.096243,-0.046517,0.58742,-0.63063,-1.837402,-1.256559,-1.427387,-1.223258,0.149728,-2.303245,0.260776,-0.094531,0.063718,-2.120087,-1.245421,-0.362425,0.93035,0.482242,1.927238,-0.690981,54.78,0
85435.83,-0.964889,0.216553,0.288176,0.440863,1.640102,-0.415687,0.195102,0.132293,-1.176777,0.402294,2.566188,1.219097,-0.702528,-1.150919,-1.651577,-2.095932,0.228994,-0.521587,0.635935,0.42272,-0.515297,-0.894256,1.186132,0.488829,0.707102,-1.182591,0.653507,1.627964,18.06,0
85566.57,0.050328,0.711968,-1.463809,0.373813,0.924886,-0.084529,-0.030444,-0.272393,-4.525673,0.663076,-1.875761,-0.154382,-0.261447,1.237951,0.364302,-0.893604,-2.387278,-0.805333,0.526822,-0.652952,-1.703822,0.938434,0.765094,0.973779,0.134016,1.377008,0.693449,-0.307209,32.24,0
85924.54,0.263653,0.702631,-1.196874,-0.40869,-0.077699,0.334737,-0.913722,0.212364,0.624944,-0.82288,-0.91609,0.354144,-1.573078,-4.570944,-0.1327,1.004761,-2.661094,-0.849375,1.518161,-0.171732,-0.945933,-0.352708,0.122094,-0.128173,-0.013203,-1.409541,2.312006,0.289435,131.38,0
86662.02,1.484129,0.829433,1.005807,-0.590332,0.776665,-1.291642,0.120053,0.786912,-1.987531,-0.788053,-0.095435,1.108214,2.018272,0.022004,0.288005,-0.354704,-0.327527,0.291475,1.030992,-1.322927,1.198116,-0.153789,-0.973131,0.540741,0.105139,0.781146,1.18662,2.442448,53.42,0
86855.69,-1.790937,2.332181,-0.790464,-0.031528,-1.469811,-0.059409,-0.599749,1.594075,-3.181759,-0.69925,0.701425,-0.082507,-1.268546,-0.436866,1.163935,0.445117,0.222768,0.587139,0.502683,0.474606,1.179013,0.548915,-1.461756,0.068802,-0.735001,-0.221155,2.459987,-1.338101,189.01,0
86862.94,1.995792,0.869295,-0.881115,1.165707,0.158225,-0.67041,0.247958,0.300105,-4.402912,0.461789,-1.231772,0.279928,-1.040271,-2.615024,-0.235448,1.715484,-1.392436,0.065619,1.949199,1.658938,-0.979487,1.528679,-1.133989,0.971649,-0.44988,-0.452639,-2.42028,0.421033,14.14,0
86941.95,0.01246,-0.010435,-1.606967,-1.140903,1.764555,0.248353,-1.143761,1.196701,1.060607,0.98189,-4.497186,0.304205,-1.423343,-0.08705,-1.469054,-0.000723,-1.349464,0.999014,0.75084,-0.946451,0.470956,1.119209,1.278813,0.592993,-1.150139,-0.004242,1.032693,0.752464,62.73,0
87307.61,-0.303538,1.513059,0.207712,-1.329873,-0.542831,-2.203524,-0.685515,2.683802,0.033679,-0.525028,1.524116,0.882914,2.020523,0.123795,2.190825,-1.008424,0.593068,0.485547,1.716262,-0.37224,-1.251023,-0.837857,-1.175977,0.448883,-0.679608,0.358458,-0.23757,0.86823,91.99,0
87881.02,-0.991332,1.797249,2.364872,0.020513,-1.259383,-0.531454,-1.862444,0.850149,-0.497155,0.850242,0.664225,0.806364,0.475719,0.268427,-0.650866,0.248578,0.594695,-0.579191,0.954548,0.989512,1.151402,-1.664384,-0.352771,1.659278,-0.707375,-0.889499,2.717184,-0.502329,64.27,0
88257.13,-1.746737,-1.250485,-1.754922,-0.073694,-1.036828,-0.946745,-0.470415,0.748541,1.922235,0.030068,-2.931496,0.135902,-1.371605,-3.848099,-0.708611,-0.990656,-0.230028,-0.784405,-1.71777,1.848211,0.073306,2.000576,-1.317261,0.93712,-0.929443,-0.817517,2.444082,3.079475,194.39,0
88359.97,1.165607,1.050697,-0.317953,0.027612,-1.534809,-0.093383,-1.601579,-1.921692,0.795911,-0.22897,-1.300747,0.370533,1.161973,1.254867,1.311926,-0.941808,0.85055,0.164224,1.716122,-1.425751,0.728495,1.923376,0.483389,-0.153041,-0.29131,0.37284,0.475519,-1.694096,403.09,0
88489.68,0.28433,1.181546,1.508939,0.086029,-1.187826,-0.062235,-2.043328,-3.543497,2.262778,-0.320031,1.824293,0.010497,0.038901,-1.417284,-0.07842,-2.185846,-1.450123,0.483352,0.439733,0.17706,-1.750058,0.151,-1.074787,0.33414,-0.67212,-1.541739,2.430077,2.193742,10.88,0
88859.71,-1.317887,-0.077777,-0.454655,-0.300448,-0.716353,-1.033151,-0.042335,0.860457,-2.245872,0.68155,1.651382,-0.903867,0.109042,0.391522,0.221564,0.8109,-0.48688,1.491171,0.235527,0.723973,0.475495,-1.091848,-0.577239,0.342171,0.010782,-0.629419,2.751958,1.849517,12.3,0
89216.7,-1.323902,2.032077,0.245582,1.116767,-1.894382,-1.0369,-0.109274,0.155616,-0.210808,0.241361,0.920079,0.530903,-0.637245,0.460743,0.731828,-0.796733,1.871955,1.238419,0.599243,0.257815,-0.161934,0.811016,-2.365829,0.468074,-1.745252,2.315147,0.529586,2.817762,12.34,0
89567.36,-0.196475,0.108218,-1.748157,-1.440217,-0.276891,-0.540994,0.721809,-0.456976,-2.581474,2.280339,-0.681044,1.882472,-1.139463,-1.593758,1.293114,-0.10076,0.012544,-0.880551,-0.08424,-2.616117,0.63761,-0.10153,-2.286861,2.437945,-0.498029,-0.941172,3.647847,-2.10817,100.99,0
89647.02,2.159708,0.455767,0.213908,-0.801207,0.73224,-1.188983,-1.047835,0.649171,-0.502738,-0.990028,-0.308898,-0.412803,0.208896,0.358367,-0.030747,-1.592989,0.080809,-0.343097,0.539967,0.98775,0.696151,-0.105787,-0.45851,0.702225,-0.295603,0.777533,0.392049,-1.092528,41.2,0
89867.75,-0.106928,0.079197,-0.596151,-0.201216,-1.32781,0.244406,0.175433,0.205825,-0.531557,0.442644,-0.616143,-0.321279,-0.886048,-0.96995,1.700788,0.210228,2.646617,0.602286,-0.353662,2.220043,-0.093608,0.752434,-1.961792,-1.237475,-0.661084,-0.630818,0.153803,2.240413,116.77,0
90243.64,-1.568433,0.31707,0.94759,-1.475199,1.434472,-0.754145,0.383512,1.939022,0.779861,-0.652308,1.192402,-0.402061,2.043189,-3.110951,-1.714567,-1.25729,-1.715151,1.08778,1.682771,0.52251,-0.713646,0.275308,1.907135,-0.034123,-0.546826,0.258661,1.558979,-2.515915,45.94,0
90328.23,-0.090652,-1.084885,1.213011,-0.261277,0.28668,-2.846389,0.228961,0.419545,-0.090766,-1.007866,-1.686069,0.917036,-1.78423,1.002593,0.99061,-0.497452,0.869654,0.929982,0.168269,-0.866531,0.570424,-1.019717,-2.792329,-1.154035,-1.714609,0.376699,-0.027334,-2.13391,87.27,0
90391.31,-0.122361,-1.518358,3.058562,1.258736,0.878265,-0.758775,-1.622938,-0.795598,0.775057,-0.110391,-1.585466,0.688736,1.695181,-1.464664,-0.503536,0.751567,1.890918,-0.296468,-0.125272,-0.239668,-0.210748,-0.286183,-1.369672,0.137543,-0.109693,0.762224,0.543806,-0.555305,129.79,0
90677.91,-2.971401,2.307963,0.413084,-0.098514,-1.043367,-1.305972,-0.201658,1.738285,0.894976,0.044572,1.022968,0.186817,-0.348074,-1.56556,1.562818,0.644903,-0.450297,-1.751976,-0.717102,2.523294,-0.9666,0.553685,-0.448328,-1.198312,0.130937,-0.317511,2.265944,0.405145,70.2,0
91186.75,0.134351,-0.770521,0.078983,0.075065,0.677892,-1.794643,0.111422,-0.022793,3.069844,2.951912,-0.49181,-0.441164,0.160924,-0.992266,0.413489,-0.350835,0.944052,-1.440014,0.585524,1.482572,-1.010658,0.425135,-0.878993,-0.299109,0.003593,1.460754,0.457808,2.381991,68.51,0
91523.62,-0.073248,-0.952637,-0.093982,-1.158324,-1.537427,-1.469939,-0.408921,1.061991,-0.631469,-0.291554,1.551805,0.394286,0.823298,-0.13466,-0.347871,-2.48996,-1.22389,0.115075,0.496403,1.155892,-1.528753,0.213667,-1.712516,-0.82227,0.454215,-0.633568,-1.771754,-0.12747,8.16,0
91818.08,1.01639,-2.417819,-0.81467,-0.625707,0.718548,-0.359556,-3.460839,-0.402461,-1.569039,-1.280628,-1.392589,-0.975811,-0.991669,-0.55312,0.900039,3.342606,-0.876286,0.200184,0.71609,0.812659,-0.629434,0.785627,-1.547599,0.712951,-0.237764,0.035418,0.910553,-0.724624,46.73,0
92581.87,2.37118,-0.508251,0.095683,-0.426192,-0.099092,0.645625,-0.185439,-0.653964,0.209686,0.186402,-0.506772,0.436497,0.861857,0.215632,1.115239,1.814982,0.385289,-1.561996,-0.828765,-0.418791,0.870852,-0.317681,-1.58451,0.403776,-0.008686,0.044399,-0.472798,0.573708,69.72,0
93198.34,1.522177,-1.370879,-0.738639,-0.378638,0.335004,-0.191556,2.805818,0.416711,-1.361151,-2.268059,-1.752959,1.038528,-3.567999,-2.181484,0.88047,0.561493,0.872169,-0.16384,-1.455065,0.138591,0.010609,0.142665,-0.790554,0.647511,-0.275321,-1.066232,1.558197,0.797064,54.76,0
93421.75,-0.117854,2.36787,-0.128102,0.944507,-1.632644,-0.949781,-0.944213,0.312648,2.061488,-0.19517,-0.417518,-0.716656,-1.102968,-1.423189,-0.681199,-1.246586,1.251654,0.55362,0.974898,0.287022,-0.647549,-2.88514,1.73439,0.319079,0.163953,-0.38706,1.338287,0.75703,204.13,0
93768.99,-1.102302,1.570721,1.384396,0.345583,-1.313371,-0.073892,-1.480701,0.993856,-0.583404,-0.082275,-2.551736,-0.949266,-1.356066,-0.627701,-0.171403,-0.463006,1.779842,-1.62626,1.912337,1.046426,0.593826,-0.39259,-0.37926,-0.72038,-1.707983,-0.023643,2.346538,-0.117193,209.4,0
93777.88,3.222548,-0.570274,-1.674646,-1.035299,0.385055,-0.828249,0.124845,-0.097937,-1.006481,0.731723,-1.128483,1.62387,-1.764653,1.929847,0.27698,-0.989583,-0.147279,1.133029,-0.827785,2.207436,-0.929108,0.641216,0.867013,0.817209,-1.142918,-0.50586,1.613162,-2.626102,152.45,0
94282.58,0.267759,3.137559,1.150481,0.088139,-1.374008,-1.022412,0.035969,-2.384753,-0.865244,0.918889,-2.49099,-0.187932,-0.476607,-0.624927,0.242239,1.224487,1.337205,-0.680055,2.026699,1.734751,-0.066108,-0.342111,0.104647,1.952539,0.907303,1.827952,1.8508,-1.161402,41.57,0
94471.54,0.214532,1.53535,1.383761,0.296384,0.232521,-1.401458,1.319263,-0.33735,0.917418,-0.62551,0.568591,1.257168,0.268407,0.897797,0.981229,-0.002257,-0.470835,1.319673,0.60204,-1.33643,-0.321876,-0.406712,0.789146,0.733142,-2.43799,-0.836067,-0.437425,2.139226,111.62,0
94821.2,0.169808,-0.112159,-0.505233,0.827449,-1.850645,-1.894031,-2.252977,1.451874,-0.395401,-0.256496,0.601147,0.19057,0.66145,-0.431426,-1.601619,-1.284515,0.994035,-0.870742,0.284515,0.652406,0.569898,-0.896737,-3.625207,0.060071,-0.520199,0.803219,1.478489,0.398192,44.44,0
94906.37,0.430964,-2.854115,-3.142624,1.191784,0.670664,-0.771225,0.646747,-0.139846,-1.120493,-0.900007,-2.913276,0.183991,0.088731,-1.094615,0.593128,-0.900562,0.176368,-1.473877,-0.141602,1.272964,-1.621825,0.84521,-0.810559,-0.747596,0.564598,0.540871,2.99301,-0.321249,23.39,0
94958.59,0.0285,3.186113,-1.149849,-0.955578,-1.697436,-0.319452,0.441272,-0.065463,2.336276,-1.278416,1.487772,0.680408,-1.035628,-0.793719,0.009873,1.049707,0.456757,-0.778634,-1.218632,1.130277,-0.945591,0.457686,1.007136,-0.328507,-0.48142,-0.166103,-0.462857,1.712718,37.1,0
95706.02,-0.476045,-1.454709,1.357278,-0.786613,0.333921,-0.529417,-0.626591,1.732757,-1.441898,0.224964,3.158954,-0.413034,0.247654,-0.694275,-0.502577,1.636412,0.430659,-0.33471,1.37008,-0.380181,-1.678579,0.693617,-1.112018,0.768464,-0.739095,-0.857663,2.773579,-1.46141,6.5,0
95792.38,-0.444544,-1.777284,-0.37993,-1.156184,0.417381,-0.792696,0.074319,-0.744616,-0.105747,-1.430559,-0.362014,0.42746,-0.055869,0.286215,-0.412876,1.548493,-1.956899,-0.693445,-0.554157,3.908013,-0.396255,-1.480074,1.520705,1.26821,-0.297364,-0.778906,-0.281681,-0.184058,35.62,0
95938.7,0.159668,1.586802,-1.665116,-0.309397,-1.087682,-1.229466,1.081254,-1.956544,0.818358,-0.532521,-1.348928,0.002468,0.950916,1.265309,0.080356,0.603584,-1.391169,-0.48251,-0.558741,-1.164217,0.971991,-0.146225,1.206495,0.613584,-0.696205,-0.575594,-0.675275,0.328575,54.56,0
96215.26,-0.440508,3.37375,-1.014218,0.270024,0.367754,0.051704,0.852188,0.059623,-2.603383,-1.139481,3.628504,-0.773952,0.75357,-0.02361,-3.083497,-0.633333,0.052826,0.190082,1.374661,-0.929562,-0.624928,-0.248162,-0.996291,1.048002,-0.378838,-1.605423,0.818055,-0.489049,274.93,0
96492.25,-0.639623,2.042878,0.756596,0.701026,0.00175,-1.535651,-2.085562,-0.412327,0.56057,0.475662,-2.322533,0.596953,-0.172215,1.027149,-0.374388,-4.294981,-2.054103,-0.427694,-1.762582,0.664024,-0.629799,-0.248555,-1.034676,0.973687,-0.969179,-0.96997,1.363936,0.276345,33.22,0
96988.7,0.323246,1.008468,0.369782,-0.178627,-0.907938,0.19003,0.776158,-1.115523,-1.73998,1.78436,-0.399214,0.100187,-1.322816,-1.705632,-0.537437,0.040201,0.910597,-0.2992,-1.370402,2.943104,0.656022,-0.534324,-1.610397,0.811577,0.512029,-1.359077,1.618648,-0.130898,205.63,0
98203.73,-0.101505,1.047361,-0.664314,-0.380402,-1.442531,-1.276023,-0.513681,0.038112,1.073795,-1.459836,-0.170101,0.188067,-1.019823,-1.006953,0.778534,-0.326086,0.95809,-2.308676,0.272433,-0.630648,0.839095,-0.304381,-1.177276,-0.127349,0.772052,0.938429,-0.818071,-1.841504,22.96,0
98506.57,1.965756,1.373512,-0.832647,0.009756,-2.528386,-1.070093,-0.313156,1.010892,-1.601446,-2.036355,1.503948,-0.682723,-0.89188,-1.400223,-0.471771,-0.152356,0.317254,0.260687,0.612269,0.059616,-0.237179,0.714258,-1.857385,0.543513,-0.514589,0.347542,0.997982,0.390298,18.72,0
99090.07,-2.917437,1.254371,-0.865465,-0.806705,0.103279,-1.659031,-0.312685,0.280386,0.878987,-0.229599,0.088601,1.633761,-0.601017,-0.081058,0.079817,-0.257817,-1.387652,-0.32744,0.821189,1.685078,0.482079,-1.639067,0.016486,-0.280401,-1.550328,0.483614,-0.458831,-1.741278,64.66,0
99441.94,1.480974,0.651985,-1.563911,1.612876,-2.075613,-0.863132,-0.638394,0.741727,1.49791,-0.082618,-1.144283,1.042819,0.122433,-0.936251,1.721644,-1.948632,1.55678,1.750989,-0.037115,0.359708,-1.156505,1.504507,-2.10942,0.417388,-0.837315,0.323473,-1.503703,0.367903,98.63,0
99688.99,1.662645,0.428815,1.776332,-1.445807,-0.186153,0.354328,1.317765,2.939143,1.131713,0.129578,-1.794283,1.115121,0.676971,0.446391,1.20975,0.359028,2.330268,-1.367405,3.053486,-0.023617,1.126901,0.402636,0.213778,0.669997,-0.556411,-0.019213,-0.775117,2.074092,4.01,0
99926.81,-2.238626,0.218501,-0.77407,0.037042,-0.594505,-0.024654,-0.54142,-0.20622,0.217527,-0.565656,-0.919053,0.065346,-0.273412,-1.662722,1.123725,0.450674,0.105252,-2.429834,0.043535,1.06586,1.843783,-0.045602,0.241237,1.75634,0.013513,1.031687,-0.543821,-0.26266,22.07,0
100806.12,-0.204588,-0.65326,1.252197,1.55833,0.478284,0.356891,-2.051345,0.699961,-0.505613,-0.308797,-1.874347,-1.111879,-0.190014,-0.425742,-0.186216,0.512078,0.533106,0.537531,0.040377,0.711129,0.330003,0.762977,-2.340815,-0.652225,-1.237502,-0.650973,1.111207,-1.519811,53.74,0
100855.78,-0.238381,-0.056482,1.652531,-0.110168,-0.638433,-0.019283,-0.993032,-0.448852,-1.022728,0.285201,-0.359402,1.932683,-0.032279,0.391891,0.788109,0.835793,0.169599,0.205444,-0.577489,1.628374,-2.093498,-1.246334,1.280855,0.791407,-1.040081,-0.068193,1.931399,-0.045193,35.51,0
100969.51,-1.456041,-1.837251,0.964149,-0.273012,-0.669621,-1.359664,-0.158902,-0.940645,2.045117,0.988738,-1.23845,0.267385,-0.849856,-3.103236,0.062268,0.41617,0.556454,-1.451628,0.427436,1.944275,-0.674023,-0.575788,0.112129,1.597129,0.017759,0.452003,-1.483263,-1.040488,110.17,0
101222.02,-0.715981,0.173428,-0.917931,-0.411507,0.538295,-0.722472,1.372439,-0.559267,-1.207141,-2.143027,-2.573986,-0.301244,-1.357715,2.213992,0.097587,-0.826168,-0.208624,-2.08918,0.963298,0.752864,0.415212,-0.112683,0.37841,1.014927,0.371711,-1.228078,0.890578,0.973416,63.23,0
102095.99,-1.107062,-0.949105,0.18156,-0.265031,0.086672,-1.092983,0.459745,-0.404427,-1.712947,-0.484755,1.374678,0.662539,-2.387166,-0.83998,0.663531,-0.410627,-0.108571,1.661839,1.605626,0.734383,-0.54683,1.153758,-1.322853,1.074645,-0.91811,2.360557,-1.09762,-0.074842,15.44,0
102106.3,2.257548,-1.094108,-0.381677,1.01996,0.065159,0.64722,-1.659208,0.818301,0.837931,0.124507,-1.142902,1.282943,-1.07216,-3.052104,-0.276951,-0.21221,0.998304,1.511064,-1.332958,0.640444,1.028516,-0.04915,0.234809,0.876988,-1.506296,-0.131638,1.25101,2.547931,198.67,0
102369.24,1.297834,0.524257,-1.539287,-1.94566,0.239419,-1.436435,3.203272,3.720519,-1.351946,-1.058771,-2.249523,0.298845,0.376798,-0.279617,1.675611,-0.191905,2.693324,-3.260426,0.02378,0.973276,0.392267,0.373854,0.80328,1.449721,2.310125,-0.039503,-0.377121,1.775996,30.62,0
103317.12,1.692579,2.052624,0.077092,1.152812,-2.042344,0.287041,-0.033422,-0.750554,-1.582585,1.710903,-0.669765,1.3751,-1.081787,-0.437918,0.131185,0.899057,-1.71601,-0.778739,0.779687,0.448093,-0.811911,-0.511793,-0.578384,-0.473101,0.243097,0.866136,-0.934563,-0.082031,116.05,0
103448.19,1.046319,1.455346,-1.901687,-1.293829,0.566655,0.286428,1.43975,-0.313794,-2.322092,-0.763349,-0.329891,1.213388,-0.504949,-0.584392,0.858484,0.464704,-0.190088,1.816906,0.932848,0.380588,-0.124785,0.405192,1.790777,-0.713633,-0.625026,0.588388,1.472868,1.144385,133.74,0
103872.67,-1.128776,-1.682844,1.213397,-0.336394,0.402401,1.058652,-0.640538,0.201858,-0.882616,-0.142201,-2.93655,-0.572107,0.368471,0.778381,1.640668,2.22108,-1.45749,-0.800556,0.299369,1.829497,-0.986178,1.419272,-0.417465,0.398236,0.313954,-0.123911,-0.330549,-0.421083,291.65,0
104790.94,-0.41829,-0.950412,-0.961362,-0.470906,-1.451782,-0.787518,0.358092,0.871285,-0.282976,0.48229,0.048254,-0.239222,0.435764,0.468834,1.244599,2.37927,1.806207,-0.81835,0.884142,2.216146,-0.324624,0.838532,0.819513,-1.338426,-0.507205,-0.049137,0.021864,0.182028,60.98,0
104983.75,0.773308,1.48366,-0.085064,0.371115,-0.572462,0.137509,0.804307,0.678375,0.205203,-0.717216,-1.93213,1.109648,-1.548886,-0.102099,-1.035485,-0.226268,-0.759752,-0.564153,-0.590559,-1.443133,-0.67064,-0.078931,-0.136684,1.395168,0.312405,-1.376682,-2.45454,-0.376185,84.52,0
105332.72,-1.238165,-0.941408,0.023034,-1.437917,-0.339404,1.431324,1.356375,2.167039,1.266371,-2.029616,2.029464,-1.925032,1.026574,0.091289,0.696426,-5.024082,-1.766781,-1.589168,1.992285,0.393453,0.937887,0.565899,0.193237,1.387164,-0.272591,-0.606867,1.663911,1.21617,36.03,0
105705.34,1.036126,0.014182,-0.690603,0.266561,-0.447742,-0.958964,1.121939,-3.24543,0.63045,-0.547187,0.324473,0.194326,1.188165,-0.61292,1.075563,1.191381,0.683374,-2.303233,1.375427,-0.452141,1.813373,0.482437,-2.352238,0.054086,-0.328896,0.265294,1.500498,2.15718,100.17,0
105728.18,-0.084285,0.990996,0.422378,1.558912,0.085308,-1.715303,0.852015,-3.187867,-0.445035,0.977247,-1.002471,-0.865185,-1.61129,1.774409,1.114001,-0.985854,1.985474,1.068884,-1.175429,0.004984,-1.485989,0.422013,-0.048658,0.104522,-0.498217,0.205737,0.439911,1.261619,55,0
106273.25,-0.242353,-0.923575,-0.974901,-1.243543,1.334411,-1.999709,-0.878686,-0.4294,-0.456009,-0.451252,-1.498381,-0.076137,-1.231763,-2.358906,-0.759301,-1.305733,0.713287,-2.472199,-0.880983,0.868455,-1.943639,0.937714,-1.296133,0.345033,-1.600658,0.837126,-1.553983,1.435678,50.86,0
106418.9,1.03373,0.430296,0.796974,0.04115,0.936522,0.13783,-1.252818,1.894561,0.605367,-0.983974,-0.578859,0.070823,1.267218,-0.303038,-0.333044,-0.811976,0.1732,0.084058,-0.85023,1.191487,-0.382838,0.931346,-1.421806,0.445267,1.19758,-0.252727,2.005736,1.437226,170.89,0
106828.08,0.72029,-1.384668,-2.121414,-0.663449,-1.78814,-2.002298,0.065457,-1.989867,1.747744,0.868758,0.45206,0.021688,-0.392145,-0.397811,1.209943,-0.871023,0.413747,0.865911,1.032057,0.245628,-1.567122,-0.117865,1.499986,0.505836,-1.182554,-1.281753,-0.43374,0.912351,4.55,0
107158.91,-0.22607,-0.460848,-0.18349,0.236542,0.413328,-0.756711,0.940834,-4.093282,0.030227,-0.444854,-0.464711,-0.138736,-2.963056,0.552442,-0.430883,0.426237,1.59763,-1.99315,-1.109736,-1.934222,-0.111813,0.537266,-0.708273,0.853243,-1.528453,0.703553,-0.156826,-1.474356,188.78,0
107635.47,1.560684,0.700644,2.202194,-0.099952,1.217829,-0.089219,-0.744044,1.127111,-0.86197,-0.632401,-0.739999,-0.589274,-1.945945,-1.552048,0.000797,-2.23429,-1.096967,-1.348697,-0.069008,-0.786584,0.541813,-0.335893,-1.598775,0.264214,-0.580274,1.011711,3.439892,2.535519,168.84,0
107705.92,-1.072377,-1.711206,-1.666471,-0.646494,0.14557,-0.297091,1.133314,0.649357,-1.646719,0.057226,-0.344256,2.212982,-0.519289,-2.69478,1.753034,-1.644147,-0.199546,1.265332,0.788418,1.466279,1.234952,-0.795891,-0.872224,1.163498,-1.199033,0.574813,-0.482348,2.681555,62.37,0
108148.59,0.922051,0.852828,-1.241881,0.287822,0.947008,-0.099004,1.698092,-1.296346,-2.324491,0.706787,-1.295418,1.862024,-1.652457,-0.281231,0.236129,0.096553,-0.600778,0.433362,0.220019,-2.935171,0.032527,-0.239118,-1.933925,0.762748,-0.447079,-0.287764,1.398142,-0.196103,59.53,0
108442.04,0.895214,0.272664,0.326576,1.376939,1.995554,-0.266493,-1.755104,-1.143666,0.839281,2.391044,-0.921041,-0.642955,-0.722755,-0.123239,-0.398197,0.439314,-1.442663,-0.973267,0.574733,1.818363,-0.334456,-0.074521,1.150095,-0.085835,0.164129,0.693526,1.163878,-0.389263,39.68,0
108681.32,-0.165638,0.99407,-0.113465,-0.273727,0.870445,0.604589,-1.639362,-1.120625,0.706988,0.765843,-3.423925,1.626085,-0.169834,1.411339,-0.539121,0.462098,-0.454437,1.251965,-0.870834,1.012123,-1.994954,-1.425014,-1.251814,1.479362,0.418323,2.630506,0.940276,0.998691,454.6,1
108760.08,0.581455,0.579763,0.11167,0.47966,-0.010922,-1.234883,-0.624009,0.455172,0.706066,1.113579,0.970474,-0.012396,1.603525,-2.093695,0.591626,-1.288034,1.236097,1.257207,0.941357,1.974176,-0.13044,0.723363,0.129826,-0.691333,0.269073,-0.061303,0.799586,0.911725,10.41,0
109060.75,-1.272231,2.017493,0.294039,-1.185714,0.894777,-1.007898,0.029022,-0.619668,-0.351818,-0.628016,0.001071,0.424723,-0.570243,0.986023,-0.964697,-1.522306,0.599106,0.110696,-0.376945,0.141014,-0.088489,-2.366979,1.06237,0.329061,-0.656954,-1.220383,0.922349,-0.151019,78.82,0
109181.47,1.284141,0.455324,0.485592,-0.90705,-0.129766,-1.086767,-1.184045,1.014624,1.949072,-1.171572,-1.539011,0.265586,1.12019,2.526126,0.049714,-0.944518,0.690582,-1.319214,-0.062019,-2.113412,0.439518,2.303167,-1.03128,1.182619,-0.363347,-0.631089,0.786502,-1.630698,101.13,0
109262.45,-0.019148,-0.244018,1.11076,0.275027,-0.267462,0.234685,1.551719,-3.870093,-0.884427,-0.033862,2.299067,-0.227612,1.561984,-0.960135,0.592103,-0.029981,0.104544,-0.723981,0.551647,0.902155,-0.813783,1.269885,0.132896,-0.179413,-0.067207,0.35324,0.365286,0.565677,240.59,0
109399.93,-0.416178,0.451633,0.189574,1.112012,-0.694621,0.292566,0.198777,-0.95595,1.272309,0.013016,-0.303111,1.131407,1.568866,-2.119831,1.494505,1.495992,0.54816,0.131895,0.404706,1.923925,-0.559452,-0.231889,-1.628985,0.652824,-1.857221,-1.458446,2.39841,0.912606,133.85,0
109452.17,1.431028,0.982479,-0.667375,0.178405,1.484697,-0.07775,-0.361883,-1.348634,-0.217089,-1.226611,-1.91631,0.421994,0.14315,-0.99723,0.904437,-2.832134,-1.010317,-0.448992,0.318391,1.500434,-1.529532,-0.00151,2.291386,0.84124,0.067276,-0.017234,-1.274454,1.158802,91.21,0
109473.93,-0.629631,0.359034,0.535413,-0.374785,-1.226143,0.52596,-2.512507,-0.079988,-1.070573,-0.2823,0.802442,-0.076135,-2.64495,-0.462604,-0.386324,-0.594258,-0.43223,0.929967,-0.526899,-0.420672,-2.285999,0.248556,0.588966,-0.29019,-1.608855,0.15411,1.761336,0.627219,10.97,0
109744.18,-1.457157,0.348609,2.150801,-0.11638,1.449363,-1.420979,-2.337447,-0.490912,0.728792,0.318456,0.143625,-0.760802,0.361518,0.235597,1.381714,-1.956493,0.158139,-2.089211,-0.034661,0.486324,-1.185844,-0.511436,-0.684403,0.344928,1.282095,1.092157,1.502363,-0.248672,41.35,0
109971.72,-1.631294,-0.587727,-0.524404,-1.150252,0.274242,0.924766,-0.009758,1.457746,0.454749,0.27776,0.138643,-0.420969,1.090248,-1.231436,0.000966,-2.347987,0.258802,-2.045783,0.294605,-0.26352,-1.615405,0.154549,-1.338833,0.277208,-0.738685,0.909446,1.341161,1.53742,13.21,0
110147.89,0.910385,-0.538437,-1.63251,0.384321,-1.887256,0.806059,-3.528065,-2.418269,0.375839,0.428202,-1.039608,-1.039279,-0.310555,1.494647,-0.873659,0.86076,0.309034,0.002853,-1.208338,-0.610161,0.158391,-0.132212,-0.59574,-0.041327,-0.557143,0.547471,1.885573,0.227053,188.22,0
110169.93,-1.306685,-1.471142,1.107313,0.614158,0.123765,0.156718,1.056735,0.360293,-0.037253,0.205173,0.218955,0.328011,1.953679,-1.895798,0.120057,0.343366,-0.230727,-0.81949,-0.212516,1.537547,-0.636729,-0.08985,-0.850628,2.258353,-1.040532,-1.911615,0.312376,-0.52229,122.35,0
110943.07,2.260514,2.503496,-0.508277,-0.489806,-2.684766,1.019226,-0.649925,1.108377,-0.215816,-0.629106,-0.804058,-0.671564,0.856382,-2.689106,1.624383,0.226749,-0.512176,-0.985207,0.715278,-1.067942,-0.655427,0.145043,1.735536,-0.211677,-0.925033,0.593341,-1.998004,-0.120958,125.18,0
111010.05,-2.248662,-1.270981,-3.209507,-0.504658,0.417241,-1.81554,4.308066,3.002217,3.419628,-0.636311,0.370408,0.098324,0.494779,0.925086,0.43516,0.80449,3.649362,-2.380623,-1.101779,-0.700382,-1.070429,-1.128513,-1.849429,1.213255,1.475297,0.418255,0.338787,-2.33087,93.32,0
111160.2,2.191952,-0.576269,0.765548,0.104167,0.712839,-0.882132,2.94486,-0.408814,1.615417,-1.35253,-3.164172,1.450779,1.137353,-3.369062,0.292484,-0.911543,0.999563,-0.194443,1.554341,-0.95478,-3.161506,0.024168,-0.315124,0.086767,0.372918,0.053064,-0.85635,-0.123201,62.49,0
111485.86,0.446164,-0.608425,-1.054432,-0.47709,-0.968844,-1.055969,-0.683883,0.767221,0.924025,1.766947,-1.051267,1.309551,0.203444,-0.739626,1.810336,-0.853865,0.418463,-0.282865,1.677687,-1.42219,1.248131,0.129698,-0.487848,-0.472423,-1.684817,-1.560324,-0.519055,1.106022,14.36,0
111537.61,0.084498,1.425851,-0.468991,-0.170505,-0.154054,0.145058,-0.574392,-2.33735,0.008479,-0.084967,2.045445,0.291216,-3.30168,3.478933,-1.056446,2.353863,-0.34241,0.580837,-1.066547,0.558517,-1.085179,0.100224,-0.59959,0.486203,0.838959,-0.785826,-1.183098,0.613794,35.34,0
112183.54,-0.442264,-0.074481,0.087123,1.621301,1.929414,-1.315533,1.031873,-3.195199,1.350057,-0.334113,-1.529835,0.245898,-0.829062,-0.495684,-0.920274,-0.625917,-0.599046,-0.134077,1.773724,1.786989,-0.538401,-0.193403,-0.589672,0.926471,0.581928,-1.102668,-0.18803,2.280961,13.01,0
112256.56,0.667253,1.870724,-0.099095,-0.320157,-0.870271,0.174751,2.063327,1.526203,0.61711,-1.070079,-1.295389,1.872287,1.274755,-1.903717,-1.228805,0.576754,-0.221858,-0.380517,0.135539,0.157585,-1.508037,0.959782,-0.598079,1.145217,-0.63677,-1.79166,-0.343166,-0.23718,114.03,0
112313.77,0.153931,-0.551789,0.583952,-0.412247,-1.499839,0.680165,-2.807136,0.285824,-0.119774,2.970191,-1.071502,0.748494,-1.211615,-0.553282,0.628929,-0.316028,0.276828,1.221087,0.748926,-1.440948,0.749227,-0.310811,0.517555,1.662433,-0.150839,-0.157211,-2.659492,0.822077,15.43,0
112658.91,1.494837,0.649214,-0.92302,-0.651503,1.391655,0.123395,-3.023381,2.013025,-0.61389,-1.221191,-2.172924,0.046856,-0.487171,-0.544904,0.43633,-2.588123,-2.281482,-1.823452,-0.249748,1.397835,-0.021388,0.184115,0.219701,2.777033,-0.416688,-0.802924,1.343531,1.253278,107,0
113635.51,0.33241,-0.755877,0.325521,0.499875,1.939008,-0.215822,-1.326123,-1.70944,-0.280282,-0.547389,-3.599856,-0.861206,-1.505854,-0.276371,1.722074,-2.828694,-1.915327,0.43764,1.299494,2.42138,-0.923424,1.095606,0.00532,0.60524,1.226083,1.977727,3.320597,3.441733,104.12,0
113822.26,0.374806,3.002279,-0.691447,-0.26572,-0.290461,-1.264197,0.430071,1.052314,-4.909511,0.335726,-0.759285,0.64358,2.002468,0.360656,0.50825,-1.033152,-0.817604,-2.262106,0.735372,-0.400765,-0.519621,-0.07716,-3.889161,-0.131072,-1.062504,-0.291938,1.221293,0.338468,54.33,0
114045.24,-0.22918,-1.200036,0.622594,-0.653018,0.856507,-1.147933,0.304907,3.01997,0.15652,0.528491,-0.232958,1.003634,1.875431,-1.800017,-0.096795,0.969969,0.175956,-1.243636,-0.596222,-0.197827,1.406132,0.173157,-0.12903,0.768331,-0.283653,0.89609,0.168886,-1.340095,12.84,0
114082.11,0.131235,0.688084,0.460118,0.977318,1.232104,0.580476,1.140019,0.906157,-0.890956,0.902485,-0.503507,-0.20438,-1.306217,1.662725,0.282462,0.64188,-0.349549,-1.701387,-0.979303,1.005383,-0.222667,-0.091649,-2.334538,0.188789,-0.758216,-1.429442,0.361608,1.331194,33.4,0
114483.85,0.559911,1.096566,-1.581059,1.05864,-1.139709,0.192768,-2.168181,0.697383,2.227372,1.790819,-0.636183,0.558687,-0.027329,-0.169105,0.390753,0.795978,1.672122,0.737943,-1.301331,2.344135,-0.323832,1.044554,0.261811,1.149614,-1.588804,-0.585441,-0.114729,2.768121,34.09,0
114653.11,-1.811744,0.819192,1.079543,-0.612522,-0.847007,-0.481926,-3.795623,0.306416,-0.130053,0.430157,-0.366274,0.017282,-1.053984,0.442608,-1.281043,-1.533063,-1.812921,-0.298342,0.497314,-0.247784,-1.030404,-0.229092,1.195901,-0.642096,1.407144,-0.076131,0.549921,-0.321286,106.48,0
116145.02,-1.386317,0.063794,-1.055268,-1.659977,1.106225,-0.794298,0.831341,-1.997501,-1.940546,-1.203107,1.041018,0.165736,0.552662,-1.278113,2.81289,1.655738,-0.952347,-0.234861,0.916931,-1.231221,-1.917005,1.083728,-1.511857,2.312077,-1.380951,-0.892548,0.384679,1.321527,10.67,0
116211.19,1.071696,0.133733,0.713738,0.71772,1.623095,-2.11991,-1.626645,2.271302,-0.233777,-0.367665,-0.701632,-1.739163,0.422113,1.153261,0.766471,-1.505924,1.721529,-1.571846,1.002588,1.145475,-0.303653,-0.097785,-0.762424,1.093265,-0.22239,-0.497802,-0.661068,1.868806,156.07,0
117083.12,0.398974,0.352669,0.133594,-0.682186,0.345963,-1.332609,-3.36173,-0.59712,-1.726515,0.222808,-1.25265,0.134523,0.796692,-0.806835,0.476984,-0.063118,0.086467,-0.584862,0.163476,1.348366,0.147948,-0.7417,-1.14317,-0.953866,-1.843098,-0.331887,2.621602,1.569981,126.46,0
118023.57,-0.018068,0.112069,2.069593,0.538289,-1.296008,1.12609,-0.207925,1.029822,0.550302,2.063294,-0.831875,1.119432,0.201644,-0.12791,0.855497,-0.336529,0.97373,-1.15204,-0.970349,0.388745,0.867962,0.569206,0.926262,-0.168094,-0.734185,-0.344849,-1.501404,0.311352,18.22,0
118235.47,0.219827,1.512797,-0.643958,-1.745655,1.966862,-1.505413,0.736826,-1.986055,0.276909,-1.560431,0.404025,-0.204174,3.430577,-1.665395,0.943547,-0.536857,2.346791,0.250606,-0.452091,-0.294134,-2.246193,-0.269082,-0.359984,1.061054,-0.055562,1.352094,1.367085,-0.852017,112.2,0
119394.04,0.606663,3.08471,-0.809603,0.62265,-0.89898,-0.293543,-0.597307,-1.426536,1.276161,1.15826,1.600006,0.361336,-1.484878,-1.74645,0.149475,1.316045,-0.884611,-1.430419,1.549722,1.584733,-1.201283,0.519054,1.482195,1.351404,-1.086014,0.152396,0.301193,0.019338,97.55,0
119559.49,-0.4362,-0.405524,-0.375391,-1.117792,-0.676097,0.380818,-1.086789,2.387289,-1.344072,0.08907,-1.330299,-0.307157,-2.33156,0.393602,-0.308946,-1.187668,-0.184793,1.407949,-0.236628,1.02036,-0.694961,-2.334675,-0.000497,-0.622006,0.08068,0.23467,2.905063,0.78154,121.82,0
120225.37,-0.716555,-1.429781,-0.748877,0.488766,0.094957,-1.484363,-0.651687,-0.212673,-0.108081,0.77692,-0.285994,0.615937,-0.697536,-1.043751,0.840817,-1.977229,-0.388577,-2.267528,0.448727,-0.548645,-0.158034,-0.005106,-0.193708,0.977997,-0.62671,0.283526,0.876146,1.416316,18.5,0
120264.34,0.428332,0.18611,0.703055,-0.103985,1.474166,-0.297475,-0.959582,2.41382,-2.204347,-0.205665,0.057891,0.138871,-2.154684,-1.564709,0.641133,-0.29935,-2.368778,-1.204695,-0.88158,0.44074,-0.289696,-0.401071,-0.390235,-1.166098,0.55452,0.342802,-0.035287,0.605552,15.15,0
120273.95,-0.951688,3.550224,-2.477225,-0.904985,0.677267,0.323496,-2.38443,0.17982,0.892061,-0.97979,-1.853737,-0.458712,-2.061014,-1.297205,-0.475847,-0.813668,-0.433274,1.832815,0.659518,-1.254527,-0.267982,-0.915313,0.455438,0.331342,0.721216,-0.222173,0.11064,-0.402266,23.84,0
120396.18,0.677968,-0.71594,-1.736692,-0.452533,0.177503,-0.439452,-1.461173,-2.392831,0.618423,0.686005,-0.398768,1.419731,-1.451877,0.407251,1.606507,3.813741,0.96928,-0.750508,-0.207226,1.211397,0.224787,-0.480837,-2.427078,1.299584,-0.889306,-0.415389,0.484715,0.918173,40.24,0
120444.32,-1.802829,2.364215,-1.755277,0.451996,0.232614,1.915064,0.340484,1.595189,0.583862,0.585176,-2.533246,1.085996,-1.353742,-1.279241,0.554847,0.504934,0.568485,-1.826401,1.434447,0.063967,-0.994977,-0.498269,-0.370906,-0.041148,-0.340913,-0.019336,-1.053519,1.348356,139.44,0
121127.47,1.407695,2.412866,0.900967,-0.028187,-0.245142,-1.825414,0.049526,-0.566538,-0.156612,0.917253,-2.968987,-0.182266,-1.393962,-0.629806,0.962613,-0.825324,0.660886,0.04957,1.136367,-0.145977,0.714078,-0.050419,-0.546169,-0.811148,-0.252704,0.784844,-0.56459,0.670021,118.31,0
121299.88,0.75359,-0.400602,1.901685,0.36769,0.340567,0.423099,-0.174404,1.313109,0.462445,-0.11294,0.098666,0.729503,0.4327,-0.461305,1.581176,-1.617674,-0.509922,-0.799736,-0.248716,0.34154,0.248372,-1.174343,0.351026,0.521181,0.107582,0.760015,-1.888713,-1.046441,229.38,0
121389.25,0.499065,1.014866,-0.487307,1.51931,-3.17363,-0.592221,-1.870011,0.33071,2.244857,-0.726142,-0.979454,0.762266,-0.837805,-2.915341,0.301235,-2.627362,-0.840223,-1.240589,0.154,0.430106,-0.452282,0.259888,-0.678871,-0.084026,-0.392449,-0.350121,-0.767626,-0.122021,5.34,0
121481.68,1.353086,2.350698,-0.572035,-1.409886,-0.632244,0.186643,-0.683961,-1.957003,-0.586215,-1.728737,-0.137557,0.848994,-0.432653,-2.348658,0.576895,-1.579828,1.426251,-1.558562,-0.309183,1.46438,1.334258,1.154315,-1.638739,0.910727,-0.247119,0.468887,0.554948,1.472221,1.03,0
121592.08,2.15554,-0.180622,-0.257628,1.222122,-0.020012,-0.085927,-3.592888,0.533591,0.048704,0.757622,-0.453796,-1.082999,0.899045,-0.053331,1.037546,-0.183032,-0.653311,3.167284,-1.256733,1.096669,1.292875,0.229778,-0.458874,-0.310179,-0.605522,-0.312906,0.823224,-1.818456,106.12,0
122038.66,1.390318,0.040728,1.179437,-0.02946,-1.604668,-1.054199,-0.15922,3.497554,-1.786458,0.344145,-1.8305,1.150222,-1.160432,-1.416386,-0.39641,1.424755,0.278303,-0.525987,-0.643461,0.192037,0.712919,0.679624,-1.688486,-0.219358,-0.309086,-0.127329,-2.141534,-2.82106,28.94,0
122144.95,-1.965358,-0.436025,-1.570417,-0.859355,0.145018,-0.260964,1.663458,1.013052,-1.460015,-1.108752,-0.493092,-0.153154,-0.538111,0.861606,0.331283,1.05032,0.12439,-2.573254,0.508527,1.305525,-2.96245,0.922899,-2.638642,-1.225466,0.668465,-0.539492,0.254352,2.263199,35.92,0
122354.94,-1.305683,-0.982097,-0.036089,-1.216358,-0.527381,-1.981482,-2.568224,0.210034,-0.012477,-0.662107,-2.199202,0.022032,0.243615,0.747415,0.398078,-0.043185,1.652812,1.608412,0.647162,0.866302,1.31383,1.043804,0.352947,0.540306,0.129678,-0.302395,1.165592,0.856104,69.92,0
123064.57,-0.536167,-0.521259,0.933728,-0.272252,1.703289,0.047583,-1.27349,1.862533,1.495064,-0.587025,1.569766,2.499049,-2.61801,0.432924,-0.612404,-0.719754,1.075638,0.528973,0.454325,-0.134951,0.584434,1.5836,0.185951,0.273661,0.175281,0.934737,0.220926,0.990669,9.55,0
123248.7,0.228826,-1.24586,0.309711,0.646685,1.49563,-0.203944,0.060354,0.601236,-0.543042,-1.649485,-2.375679,0.56751,-3.167853,1.830644,2.446018,0.005472,-1.592627,-1.155711,-0.037044,0.23039,1.711427,-0.434802,0.059661,-0.554426,0.193311,-0.079768,-0.391503,-1.386162,90.93,0
123482.18,0.80655,0.340402,-0.100303,-0.221314,-0.824813,0.076779,1.406882,0.599582,-0.512528,-0.953914,-0.7093,-0.001528,0.219254,-0.585909,-1.033966,-0.959223,-1.465839,-1.359521,1.310431,0.201944,0.996208,-0.621605,1.002391,0.559531,-0.531466,-0.044951,-0.103251,1.17533,34.74,0
124839.73,-0.654781,-0.673446,0.96775,1.134381,-0.46634,0.422596,-1.072761,-1.298413,-0.768703,-1.284446,-1.925112,-1.505554,0.4002,0.343663,-0.931957,1.781299,0.613595,0.605288,0.361562,0.992798,1.31327,0.657881,-1.217245,1.231098,-0.140813,-1.330436,-0.270513,0.522684,88.49,0
125445.14,0.417663,0.59221,-3.907835,-1.316347,-0.378829,-0.146677,-1.428477,0.635048,-0.960302,-0.530275,0.391205,1.467037,2.350103,-1.222554,1.50859,-0.55562,-0.143619,-0.52032,1.059647,-0.06285,0.662468,0.59382,-2.081299,0.229606,-1.301278,-0.406045,-0.39533,-2.102665,158.66,0
125468.58,-0.689615,-1.664428,0.542391,-0.125794,-0.808713,-0.327666,-3.28948,1.804331,0.282939,-0.871336,-0.904129,-0.794389,-0.013938,2.634016,0.947148,-0.429617,-0.603699,-2.573756,-1.643408,-0.091153,1.099666,0.651244,-0.54615,0.619468,0.644386,-0.350866,0.65889,2.144891,16.58,0
125835.79,-0.520535,0.714638,-1.210728,-1.151895,-0.072704,-1.176143,-0.268603,-0.925624,-2.402485,-1.800058,-1.173056,-0.511794,0.806656,2.038741,-0.677713,-3.038421,1.127687,1.96739,-3.988094,2.763938,1.700001,1.599908,-0.859106,0.623614,-2.70457,-0.828367,3.434227,0.358117,236.05,1
125972.44,-1.455041,1.348436,-2.759317,0.185038,-1.157689,-1.036939,2.557346,2.37184,1.760284,2.015582,0.797363,0.043924,-0.452444,-0.465302,0.84814,-0.563271,0.152789,-0.749103,0.601906,1.518604,0.046628,0.000145,-1.417179,-0.567277,-0.476368,-0.137243,-0.534455,-0.425103,66.84,0
126075.95,-0.886884,-2.216508,0.323016,0.617926,-1.581452,0.528632,-0.01508,0.160164,-1.156087,1.210498,-0.385822,1.489071,0.158619,0.010559,1.652112,0.700919,-0.006131,1.610689,-1.262552,-0.539163,-1.617177,0.353495,-0.557225,2.060826,0.538662,-0.503473,0.019031,-0.399558,226.44,0
126488.55,-1.390429,0.76908,1.458183,-0.463888,0.414058,0.734413,-0.451861,-1.001049,0.922641,-0.913492,0.313965,0.957261,1.857775,1.245861,0.252512,-1.631899,0.850111,1.345138,0.060385,1.072284,-0.440775,-0.844717,-1.156986,0.023864,-1.53163,-0.089861,0.365573,-2.711001,20.57,0
127020.28,-0.94875,1.845414,-0.530741,-2.270252,0.421818,-0.646064,0.050114,1.749176,-2.061967,0.185786,-1.837576,0.187395,-2.84426,-0.66725,2.708713,-1.243544,-0.509451,-1.442549,-0.037441,0.524553,0.207905,1.809504,-2.53797,0.932131,-0.073902,-0.056144,-0.461172,0.97176,81.97,0
127508.59,1.436473,-1.22783,0.904346,0.048796,-1.210081,-0.411831,-0.435553,-0.12441,0.843132,0.337429,-2.445837,0.572817,0.302968,-1.314274,-1.329904,0.647294,1.778536,1.045211,2.024472,0.855185,-0.085141,-0.296238,-0.964762,1.023283,-0.967018,-0.931214,1.861194,0.503778,45.71,0
128004.82,-0.917636,2.4064,1.772256,0.245519,0.724362,-1.195556,-1.604514,1.401835,0.847784,1.146247,-0.27411,-0.178528,2.438614,0.62954,0.928984,-2.132879,-0.995552,-1.01504,0.728718,0.547537,-1.314262,-0.272105,-1.748867,0.290836,-0.709168,-0.478713,-2.650798,-0.139914,131.48,0
128916.56,3.291915,0.825774,1.380864,0.218679,-1.013483,0.517108,0.780709,-0.131652,0.416639,-0.954879,-0.886054,0.433377,0.139776,-0.380775,1.370605,0.972052,0.705437,-2.501261,0.473216,1.821044,-1.671903,-0.304931,-0.205892,0.892382,0.377523,-0.09199,-0.257892,1.939053,82.27,0
128993.71,0.777942,-0.591535,1.808696,0.906566,-0.006533,0.098838,-0.090292,0.206667,-1.64906,1.042765,0.471657,0.378543,1.837083,-0.247994,1.113516,-0.975768,1.619987,-0.737617,1.205588,0.799599,-0.844174,-0.558917,-1.207097,0.601457,-0.240634,0.807179,1.497123,-1.819644,60.28,0
129706.23,0.415394,0.227106,0.62696,-1.001873,0.638989,1.150657,-0.39371,1.013889,0.214878,-0.671863,-0.542866,1.118936,-0.990383,-1.539879,0.089868,-0.799876,-1.689199,0.267951,0.694345,0.306184,0.596508,-0.630936,0.78663,-0.739192,-2.085817,0.053694,0.050308,-0.708435,215.72,0
129750.52,-0.810638,1.00143,-0.250545,0.446948,-0.332922,-1.17388,-1.841174,0.718265,-1.931695,-1.49567,-0.133543,1.11762,-0.249759,-2.66176,0.009443,-1.700695,-0.472048,-0.784259,-0.207217,1.642596,1.315127,-0.455675,1.341815,0.135549,-1.211393,-0.692541,-0.634784,-1.065953,41.82,0
130010.32,1.021213,0.393262,-2.458344,0.870765,0.222886,-0.761401,1.480736,-2.616936,-0.537771,0.658053,-2.759764,0.726352,-0.168434,-0.180499,0.695724,0.139293,1.276694,-0.593857,1.46147,0.663649,0.697732,-1.173039,0.299101,-0.090338,0.401819,0.169274,1.006067,-0.259515,21.95,0
130183.75,-0.478367,0.976752,-0.673699,-1.587214,-0.88243,-0.258944,0.549551,-1.341617,1.383404,1.250454,2.284276,0.018295,-2.960344,0.668874,1.042897,2.68971,1.294395,1.180197,-0.918792,0.52834,0.82875,-0.67854,-2.216546,0.031202,-0.033266,1.232222,1.611616,0.229342,82.76,0
130385.01,0.341556,-0.863466,-1.459715,0.148654,-0.518271,0.083234,-1.225376,1.64966,1.034717,2.606621,-0.663995,0.931283,-1.658826,-0.767154,0.843641,0.633556,-0.269763,-0.088108,0.644966,0.761359,-0.229965,1.650749,1.230526,-0.647608,1.040571,0.58981,0.706768,0.741181,86.43,0
130559.24,3.206946,0.510976,2.507572,-0.5329,-0.528961,-0.627562,1.040974,0.101188,-0.136288,-1.353339,0.573854,0.24186,-1.570394,1.343815,1.252451,-1.38267,-0.932718,-1.249674,-1.396562,0.268038,-1.775161,0.617152,1.31007,1.311179,0.986442,0.28992,-0.609267,-0.355769,51.08,0
130955.81,0.085266,-1.48515,-0.581333,-0.183237,-1.144369,-1.169459,-1.144693,-0.470029,-1.61966,0.631689,-1.628975,-0.576682,0.809541,-1.374333,-0.671085,1.067388,1.05742,0.640213,0.514776,0.392492,-0.578211,0.779222,-0.445971,1.694451,-0.687216,0.434564,1.026157,-1.104562,58.9,0
131463.66,1.548865,0.157179,-0.187668,0.171838,-0.495859,0.276909,-1.55931,-1.687809,0.808292,-0.527476,0.014303,-0.015556,0.871661,-1.819819,0.067992,-0.711806,1.32536,0.023404,0.502822,-0.3287,-0.395481,0.993304,1.024946,1.191553,1.664694,1.014851,-0.090099,2.514392,283.41,0
131589.04,-0.628259,-0.842326,0.376036,-0.518876,-2.057193,0.144774,-1.526802,-1.28107,-0.129998,0.719969,-2.299374,0.387796,0.191868,-0.565769,-0.597416,1.360017,-1.438894,-3.302188,2.121652,-0.527746,-0.61712,1.552928,-1.089392,1.427312,-0.384103,0.718903,1.402013,3.538841,116.56,0
131607.87,0.157041,-0.630016,-0.292441,-0.674805,-0.853663,-1.205168,-3.001068,-2.655252,-3.635731,-1.636422,0.221214,1.07052,0.812067,-0.585279,-0.079937,0.664402,-1.485098,0.305515,-1.415554,-0.827156,-0.103923,-1.518586,-2.572079,0.125586,-1.200022,0.305544,2.361961,0.33638,10.36,0
133054.89,2.279326,1.856036,1.881201,-0.087539,-0.618892,0.667722,0.267982,0.146197,1.013631,-1.419251,-0.93938,0.166153,-0.413596,0.497438,1.229247,-3.92945,0.197283,0.260847,-0.363495,-1.303269,0.255782,-1.057258,-1.324679,-0.109444,-0.928066,0.713229,-2.956041,-0.934334,21.06,0
133223.13,-0.538692,1.673477,-1.169364,-1.015269,-0.586232,0.514999,-3.088641,-0.579003,-0.195348,-0.910204,-0.386167,-0.681927,1.280663,-1.464559,0.381669,-1.553931,0.672984,-0.193739,1.189974,-0.683319,0.63862,-0.694219,1.483291,-0.224154,-2.269614,-1.033482,0.577268,2.217134,327.97,1
133275.52,2.328274,1.065498,-0.093688,-1.014093,-0.569522,-0.339038,-2.210085,-1.116021,1.64268,-0.016473,0.57441,0.364821,-0.199113,1.257032,2.716221,0.833108,-0.419939,0.872174,0.658137,0.170425,-0.413484,-0.409696,-2.148934,0.922419,0.923932,-1.375152,-1.82471,-1.908443,114.53,0
133443.9,1.02996,-1.079889,-1.327073,0.44625,-0.364963,-0.384133,-3.444965,0.194564,-1.800159,-0.769278,-2.198396,0.411716,-0.138248,2.017512,0.461474,-0.138053,0.731764,-1.040663,0.48898,0.506119,-1.925542,-0.265591,-0.467705,0.58634,0.913801,-0.027229,3.60864,-0.338545,217.84,0
133942.95,-0.462887,-0.101539,-2.087249,-1.066187,0.250999,0.007029,-0.544848,0.824857,-4.918918,0.59001,-1.411231,0.471565,-0.53941,-0.530101,0.336552,-1.578036,-0.903837,0.193181,-0.75116,0.052999,-0.603936,-0.390313,-0.428654,0.341105,-1.243696,-0.099052,-0.176038,-0.84869,32,0
134164.16,0.94141,1.827041,-1.155044,0.435445,0.700645,-1.160178,-0.638506,3.347272,0.259133,0.974585,0.228763,1.078504,0.638866,1.10669,0.379986,-1.100048,-2.557244,-2.134688,-0.352508,-2.469574,-0.11414,0.177285,-1.045741,1.447153,-0.592692,-0.596668,1.403556,-1.502944,119.65,0
134290.99,1.341173,0.476119,-0.398579,0.266907,-1.034183,-0.424998,-0.895609,-1.911441,0.277832,0.527827,2.58559,1.160406,-0.732398,-1.822096,-0.315082,-2.659151,-0.566888,0.279511,1.650872,2.286907,0.982576,0.020527,-0.967407,0.7297,-0.325313,0.516008,0.386878,-0.26125,110.59,0
134762.49,0.928955,3.221906,-0.91488,-1.543548,-1.664063,-2.224264,-1.939148,1.985118,-2.692291,1.593408,-0.626421,-0.173422,1.00099,0.885096,0.226752,-0.432111,0.006552,2.170182,0.236013,1.696196,-0.682932,-0.625311,-0.385676,-0.272567,-1.198108,-1.668071,-0.611692,-1.08595,30.84,0
135678.41,-1.647272,0.793367,-1.261198,-0.676341,-1.480647,0.272826,-2.128147,1.713393,-1.625193,0.335716,0.420958,-0.191557,-1.614142,0.849607,1.334412,2.38444,-0.392594,-1.435024,0.701833,0.920789,0.321937,-1.862854,-1.10122,-0.145431,-1.855002,-0.589245,-0.766424,0.151954,70.71,0
136446.02,-0.656419,0.539584,-2.200831,0.87209,-0.849166,-1.737111,0.257526,-0.842523,3.969299,-1.371291,-0.581737,-0.542189,-1.572925,0.616139,0.387262,0.662267,-1.43176,-1.14756,0.166523,2.689792,0.115024,-0.855349,-2.071085,0.952987,-0.578206,-0.548778,2.495171,0.172457,87.23,0
136784.86,-0.092739,-0.092344,-0.459215,-0.927509,-0.695198,0.78972,-1.221923,0.590394,-0.616956,1.326376,2.361562,0.895723,0.642557,-0.500154,-0.460497,2.359605,-2.205217,-1.086673,-0.998819,-0.801492,-0.113963,-0.477428,-0.224633,1.242915,-0.669722,-1.484032,1.67612,-0.743108,57.97,0
137343.39,0.110683,0.46581,-2.330349,-0.499994,-1.171021,-0.721921,0.04177,-0.373612,0.936209,-0.731719,-2.937635,1.515868,-0.319828,-4.23216,-0.583467,0.757167,-0.673055,-0.059363,1.311242,2.66575,0.710722,-0.220023,0.743471,0.847962,-0.725375,1.059347,2.960667,-0.389003,155.1,0
137408.17,0.927617,0.105174,0.650557,0.266468,-1.769813,-0.624263,-1.70981,0.564798,-1.133968,0.85281,-0.292189,0.057377,-0.772944,-1.295356,-0.139812,0.934905,0.988814,-1.518406,0.841374,-0.786788,-0.769465,-0.971885,0.513615,1.93212,-0.220252,-1.258939,0.504935,-0.191824,158.06,0
137512.97,0.407008,1.190292,-0.241323,0.532303,-0.813791,-0.967285,-0.15545,2.495296,-3.291086,1.546304,-2.762869,0.118276,0.893867,-1.275276,0.349792,2.094571,1.41088,0.296825,2.808247,0.670248,-0.689795,-0.42765,-1.380454,1.721059,0.777221,-0.632759,0.807285,1.277428,167.96,0
137945.41,-1.371225,1.503748,-2.268266,-0.323891,-0.08818,-0.687227,1.480401,1.17733,-0.414148,0.378436,-4.028292,1.53072,-0.963159,-1.722732,1.395883,0.138334,1.330262,0.817311,-0.81603,-1.160288,-0.165865,-0.97301,-1.878408,0.75879,-0.654855,0.582721,0.085299,-0.075465,143.72,0
138619.64,0.644996,-0.693641,-0.756813,-0.610112,0.382553,0.719734,0.435068,1.035839,-0.557012,-1.663259,-0.000847,0.735927,-0.458309,-0.325146,-0.971555,-0.553216,-1.02835,0.435142,1.189854,0.399108,-0.750216,-0.116724,-0.787696,-0.272505,-0.263458,0.369948,0.059429,1.298402,59.16,0
138841.5,0.915763,-1.381147,-1.339822,1.060929,-0.929086,-2.500801,-1.020559,-0.333755,-0.758204,-1.059018,-0.227732,0.678608,1.525357,-1.012455,-0.018009,0.941249,-1.425995,-2.381062,-1.138999,0.848668,0.317722,-0.923689,1.301127,-0.652431,0.196453,-1.055027,-0.922282,0.961139,42.44,0
138874.53,0.856065,-2.017875,0.070268,1.322794,-0.764711,0.603022,-0.044466,-1.87085,-0.330812,1.283896,-0.837206,-0.666811,1.698883,-1.527612,0.415606,1.457234,0.516742,0.998711,0.463927,0.194117,-0.818158,-0.732708,0.260997,0.091134,0.053686,0.399552,0.542077,0.940975,157.27,0
139421.04,1.468368,0.937961,1.414475,0.694013,-1.349368,-0.171078,-0.770202,-0.010156,0.236934,-0.275847,-0.58062,0.879114,1.740128,-1.825021,-1.432338,-0.911844,0.67974,0.928023,1.357834,1.245268,0.055697,-1.124387,0.326828,1.010386,-0.912183,0.080553,-0.593694,2.093448,59.52,0
139525.66,1.178243,-1.093827,-2.81794,-0.04521,-0.330449,-1.444872,-0.407898,2.054008,-0.383969,-0.015836,4.022006,-0.450357,-0.559914,-1.389061,-0.497997,-1.207831,0.403186,0.796914,-1.968993,0.501153,-0.24797,-0.140305,0.536493,1.875509,-0.324677,1.740312,1.007566,-1.446268,24.99,0
139643.2,0.737821,-2.417189,-0.198433,-0.784469,-1.260287,-1.336285,-0.894027,-1.933736,-2.052988,0.694319,-0.798911,-0.619766,1.316346,0.943867,-0.354395,-0.153735,-2.438785,0.237627,0.06859,-0.250907,0.045113,-0.747653,0.007412,0.739778,0.048228,0.173283,0.65393,-0.533952,62.55,0
139691.06,0.115698,0.787391,-0.560598,-0.802818,0.357626,0.932325,-0.658936,-1.245118,0.569447,0.628974,0.3046,0.031174,-1.386936,-1.319863,-0.462843,0.694812,-1.088356,0.050937,-0.32238,-0.304639,-0.582416,0.762934,-0.331132,1.345262,-1.336966,-0.269575,0.806976,2.623513,13.52,0
139857.61,-1.753912,3.44089,0.533789,0.316481,-2.327211,-1.229269,-0.110217,0.478121,-3.079919,0.192455,-1.360779,-0.166461,-1.334784,-1.13434,0.460057,0.653885,-0.102832,1.044232,-0.473788,1.362702,-0.470193,0.336197,0.279843,0.205638,0.640031,-0.85059,2.611512,-0.229191,103.94,0
139987.59,0.703078,0.289771,-0.069221,0.230346,-0.703972,-1.400623,-1.867402,-1.142376,-3.231233,-0.317192,-0.00405,0.134673,-3.125127,-1.060376,0.130784,-2.068575,0.505658,2.134048,0.712585,-0.409841,-0.065495,-0.069046,-1.083178,0.905256,0.778932,-0.759401,0.383755,-3.840302,36.17,0
140451.77,0.44225,1.354693,-1.339576,1.043745,0.048032,0.487888,-1.900229,-0.862115,0.948528,-0.425924,-0.770269,-0.873578,1.864735,-0.049882,-0.237986,2.018037,0.835371,-1.383885,1.51517,1.489156,0.03316,-0.688905,-2.062519,1.066917,-1.001745,-0.825625,1.417023,-0.152463,26.68,0
140740.15,0.517339,0.400606,-0.769771,0.422322,-0.08544,-0.170641,-2.44346,-0.323966,0.600666,0.797901,-1.017723,1.110706,-1.281549,0.099028,0.680606,-1.109329,0.101929,1.100165,0.146782,1.861065,-0.158704,0.314618,0.348294,-1.192094,-0.24426,0.958919,3.101037,0.324596,276.99,0
140911.73,-1.302359,0.172734,-1.397563,-1.359287,2.770349,-1.223019,-2.752097,-1.698084,-0.245038,0.479726,2.184398,1.250337,-0.366943,-4.346974,1.890553,-0.648574,0.321507,-0.323788,0.516459,-1.638172,1.431415,0.578856,0.928864,0.070134,0.126533,-0.140245,2.132218,-3.560751,132.53,0
141216,-1.072369,1.456305,1.066414,0.75448,0.10345,-0.271163,-2.193815,-1.127011,-2.249937,-0.368036,1.262702,-1.292265,-1.339027,0.817044,1.812247,-1.429676,0.032019,-0.376933,0.416962,1.752405,-1.076311,0.112013,-1.728403,1.168743,-0.855309,0.304315,1.932642,2.017338,136.66,0
141352.95,1.435898,-0.068586,-0.321781,-0.941486,-1.437409,-1.295427,-0.186936,1.320022,-1.219751,1.032315,-0.231684,1.126947,0.652155,1.343737,-1.515548,2.981841,0.73921,-2.097474,0.29419,2.874872,-0.214514,1.356627,0.45987,0.624546,-0.006262,1.0752,0.033929,-0.873531,86.36,0
142017.42,0.151674,0.634585,2.152523,-0.433452,-0.403318,0.457802,-1.720799,-1.613118,-0.55273,-0.233934,-3.737642,-0.352285,-0.675886,-1.814082,0.81991,-0.027289,0.300414,-0.566635,-0.896522,0.686303,-1.618477,0.382017,1.428549,-0.560979,-0.269399,-2.070653,0.731489,0.597953,161.45,0
142145.38,0.999107,0.70306,-0.429673,0.091197,-2.316262,0.425278,0.32931,-2.036872,-2.550279,-0.98944,-0.946612,1.026498,-1.82829,-1.715167,0.114469,-1.366364,0.009502,-1.43797,1.501812,1.106343,0.191289,0.768746,-0.469698,-1.555192,-1.617632,0.884003,-1.281758,-0.184953,125.78,0
142811.85,0.231443,-0.54498,-1.282239,1.535217,-0.3864,-0.011151,-0.368782,-0.625079,-1.266377,-0.892531,3.454276,0.261309,0.337752,-1.052192,0.425738,0.734535,-0.383799,-0.785626,0.614354,1.636321,-1.192122,0.104242,-1.389778,0.108544,-0.02482,-0.109843,1.081708,-1.684806,80.68,0
143205.84,0.233133,1.548308,-2.342187,2.457034,-1.242791,-0.15159,-3.288869,1.361635,0.818395,-1.1223,-0.759394,0.341697,-1.988173,-1.440483,-0.091307,0.618412,0.027811,-1.561393,0.723136,0.047933,-0.413661,0.566047,-0.328413,0.345647,-1.31365,0.198553,0.789779,-1.377255,286.91,0
143846.09,1.300896,0.076816,-2.72313,0.386147,0.747164,1.002234,0.535372,0.006686,1.979594,-0.383833,1.156462,0.164855,-1.248591,-0.196012,0.390642,-0.553828,0.502565,-0.767347,-0.587881,0.601923,-0.500865,-0.688305,-1.088105,-0.309048,0.371954,-0.827765,0.463227,-1.186062,18.79,0
144340.27,-0.408329,-0.655505,-2.434876,-0.267351,-0.920114,-0.450016,0.762515,-0.383747,-0.787507,1.190825,1.642974,1.320159,-2.823047,-2.952394,0.422237,0.70597,0.246982,-0.715007,-0.208902,-1.209134,0.10647,-0.400042,-1.162766,0.518659,-0.95912,-0.76824,1.768797,1.666839,253.69,0
144457.36,0.311129,0.97392,0.001762,0.326402,-0.427562,-1.424139,-1.868136,0.358641,0.974462,-0.940754,-0.113595,-0.707055,-1.976053,-1.90011,-0.260095,-1.3349,0.380416,-0.100019,0.100016,0.549103,-0.668964,0.288077,0.021418,0.811458,-0.537646,0.242253,-1.138038,-0.074206,45.34,0
145994.45,-0.345135,-0.835467,0.319755,0.618562,-1.018013,-0.079194,0.193128,-2.252519,-3.027009,0.098021,-1.637205,0.8205,0.011405,1.474326,-0.556638,-0.927714,1.512734,-2.193134,-1.38189,0.984146,-0.708508,0.281888,-2.27599,0.943875,0.72991,1.782197,2.55914,-0.602681,66.41,0
146745.81,-0.312488,0.33296,-2.431,-0.381081,1.684368,1.27006,-1.6679,1.01556,0.829064,-0.785596,-3.925942,1.228544,-2.646496,-1.659189,-0.138405,-2.786536,0.244261,-1.986169,-1.549844,1.005991,1.180739,0.422886,-2.095753,-1.495389,0.005944,0.660162,1.605661,-1.185392,11.57,0
147076.42,-0.165198,0.285928,0.828222,1.36938,-0.660282,-1.286363,-0.277011,0.85325,-1.363651,-0.371182,0.554573,0.910213,-2.046979,1.098712,0.49964,-1.945801,-0.831867,0.224262,-0.363343,1.670714,0.109888,0.927866,-0.445407,-0.655894,-1.296567,0.873158,0.340944,1.822812,68.63,0
147400.03,0.459228,1.666649,-0.985638,0.074544,1.791017,-0.747761,-2.262641,-0.303121,0.30148,-1.677773,-1.598331,2.240092,-0.212951,-0.029125,0.840393,1.890658,0.972276,-1.193588,0.862423,-0.55635,-0.676647,-1.22345,-0.492326,0.157833,-1.243207,-0.310808,0.239372,2.201247,83.46,0
147823.59,-0.364496,0.895981,-0.156622,0.295988,0.631942,-0.106423,-3.033192,1.761272,-0.530263,-0.329602,-0.175088,-0.119458,-0.884212,-2.778083,1.078019,1.687046,-1.676135,1.095768,-0.420513,-0.263242,-0.388104,-0.83966,-0.079674,0.864478,-0.899685,-0.642396,1.057902,1.806709,536.77,0
148001.44,1.674011,0.265869,1.77218,0.435124,0.253986,-0.494198,-0.977416,-1.350737,1.819431,-0.301548,-2.223215,1.109456,2.260578,0.326452,-0.180907,-0.243249,-1.340894,0.057151,-0.819548,2.67529,1.3756,0.186029,1.647877,0.797634,-0.078147,-0.789101,2.410854,0.829311,326.6,0
148333.72,-0.853241,1.328561,0.830592,0.232984,0.124998,-1.259605,-0.599744,1.93921,-1.469267,0.46584,-0.809055,0.230183,2.064448,-0.629822,0.545965,1.713389,0.327468,0.523703,-0.596803,0.199396,-0.37353,-0.626614,-0.349285,0.78364,-0.108187,-0.551474,0.564965,0.54327,299.78,0
148734.24,-0.021462,2.050361,-0.703272,0.57826,0.153525,0.475145,-0.999081,0.519294,0.781349,0.13441,-0.379662,1.337752,-1.286439,-1.058813,1.179995,-0.519951,0.540006,1.506884,-0.20467,0.623408,-0.795914,2.867924,0.207506,0.094329,-1.101196,-1.822344,0.620141,-1.582572,37.84,0
149144.27,-0.31864,1.000778,-1.522821,-0.626445,-2.488605,1.462973,-2.145344,-0.196992,-0.577844,-1.351945,-0.042311,0.311546,0.480968,-0.169304,1.369733,-0.622045,-1.533524,-0.597113,-0.093926,0.300229,-0.791932,0.429793,-1.567455,0.139288,-1.369084,-0.743704,0.456377,-0.212959,418.83,0
149675.24,1.898748,0.31048,-3.182058,-0.577675,-0.612072,-0.288059,-1.002317,0.264946,-0.396238,1.034496,-2.029317,-0.002813,0.719273,0.122375,0.225821,-0.254616,-0.518525,-0.920926,2.655346,-0.613083,-0.665556,-0.076269,0.398982,-0.183649,-0.171596,-0.610025,2.75054,-0.831386,53.7,0
149830.1,0.429166,-1.35669,-1.296383,-1.025948,0.667231,-1.195105,-0.026834,0.137469,-0.434519,0.120841,1.291035,1.397836,-0.951026,0.418222,0.074382,-0.476886,-0.781349,0.847717,1.443076,2.346139,-0.707757,-0.44866,-1.060874,1.02246,-0.554651,-0.297288,-0.046963,-2.443169,168.7,0
150093.93,1.410855,-1.045593,-0.627721,0.247805,-0.350318,-1.726779,-0.484825,2.073955,-1.42617,0.10839,-1.285416,-0.088546,-2.064833,1.015942,0.459342,-0.58748,-0.640785,0.404772,1.410506,-0.257305,-1.345036,-0.418583,-0.38661,-0.338518,1.378693,-0.04782,0.394434,1.626422,21.54,0
150588.39,-1.547769,-0.087437,-1.64916,0.528619,-1.893953,-0.237072,-0.153353,-1.276611,-0.180164,-0.10863,-2.83314,-0.850215,-0.225266,0.037926,-0.793319,1.076916,1.042896,-0.447446,1.567435,-0.982929,-1.20045,0.016136,-0.589933,1.08842,-0.374082,0.139581,2.336179,-0.848284,62.28,0
151604.24,0.512017,-0.471118,-0.522592,0.262921,-0.35431,0.460322,-1.39621,-0.818348,-0.252908,-0.640343,-0.584684,-0.109453,-0.424382,-2.227386,0.099907,-0.139917,0.763797,1.483361,-0.79774,-0.164166,-0.926173,0.085855,0.697913,0.570858,1.095219,-0.166967,0.624017,1.822518,298.78,0
151610.07,1.243716,0.061671,-0.248678,1.26951,1.644823,-0.058011,1.288626,1.805585,0.202429,0.128682,-0.37872,0.829754,-0.750462,-1.081899,0.976409,0.549006,-0.090393,-0.477915,-1.041682,-2.041163,0.395443,-0.398595,-1.94467,0.367038,-1.371707,-0.627156,1.911688,1.378937,259.58,0
151627.16,0.294867,0.368857,-0.645787,-0.120423,1.124455,-0.451739,-2.13389,-0.574768,-0.032418,0.398197,-0.197438,1.468918,0.338564,3.257157,0.880519,0.939684,-0.710575,-0.178266,-0.915649,-0.406871,-0.509397,-0.242234,-3.042399,-0.125928,-1.704663,-1.749704,-0.752413,0.920062,101.71,0
153288.53,1.450386,0.965324,-1.205367,0.437455,-0.365236,-0.935575,0.291331,1.607538,1.036654,-1.925404,1.528343,0.409792,-1.141093,0.439683,0.02829,0.151715,-1.656655,-0.192392,1.748501,-0.790315,-0.347484,1.135633,-0.707892,-0.689145,-1.330134,-0.622173,0.165805,0.999358,141.23,0
153310.36,-0.409791,0.208533,-0.127847,-1.018954,0.788204,-1.350178,1.303456,2.772893,1.22472,-0.662302,-0.767706,1.407862,-1.638759,2.528505,0.484187,-1.512513,1.603921,-1.361325,-0.3049,1.128544,1.026553,1.169896,0.061286,-0.118628,0.578529,-0.944777,2.36349,-0.734612,17.15,0
153395.28,1.854522,0.910864,0.231853,-0.43604,-0.711799,0.238444,0.281634,-0.292161,-1.733261,-0.365576,-0.599903,-0.805109,-0.074724,1.291753,-0.489637,-1.981224,0.629138,-0.123463,-1.073319,-0.433649,1.049731,0.205163,-0.295422,0.137375,1.047155,0.22375,-0.446846,2.757,112.99,0
153792.92,2.899982,0.378723,-1.785018,0.459623,-2.233891,0.303591,-0.714604,1.287835,1.142705,0.168796,-2.012601,-0.04861,0.26868,-0.173311,0.938017,-0.141577,-0.899755,1.489846,-0.178102,1.455755,-0.417209,-1.152137,0.922622,-1.505951,-1.05084,0.583783,0.23603,0.194973,85.03,0
153837.58,-0.228271,-2.193472,1.507243,0.586667,-1.346827,-1.724115,-1.189482,-1.38895,-1.93661,1.148573,0.750471,0.079294,-1.669327,-0.097615,0.208081,-0.53365,0.779211,0.325835,0.031844,2.073786,-0.741582,0.449201,0.026142,0.244285,-0.785014,0.607571,0.766661,0.560355,8.48,1
153989.53,-0.325423,-0.886997,-0.479593,-0.358991,1.4841,0.860967,1.090918,1.394861,0.721788,-0.905882,-0.163369,0.22318,0.941037,-0.526845,0.02298,-0.216784,-0.150548,-0.180357,0.585128,1.326712,-0.95883,1.314527,-1.103122,1.148318,-1.370548,0.46004,-0.853697,-0.782278,10.61,0
154145.64,1.906277,0.115744,-0.325021,-0.175027,-0.606506,0.023529,-2.493652,0.584834,0.76956,-0.619647,-1.031381,0.387438,-2.405823,-2.687328,-0.057152,-0.343514,-0.405861,-0.416183,0.566072,0.12066,0.489576,1.157353,-3.089975,0.860485,-1.901733,-0.263307,-0.105396,-1.180531,10.14,0
154234.19,2.054581,-1.227898,0.582323,-1.371526,-0.571669,0.704122,-1.833533,0.983954,-3.022899,-0.634882,-3.163785,0.889187,-0.927008,-0.45747,0.222027,2.841256,0.444437,0.186293,-0.611529,0.552103,-0.345201,0.616105,-0.734826,0.003429,0.189461,-0.578834,0.579309,0.807934,113.85,0
154626.17,-0.416339,1.053886,-0.042871,-0.411163,-0.635921,-1.556258,-0.998904,-0.647757,-0.019721,-0.937024,1.646522,-0.049886,-0.530003,1.057116,-0.13764,-1.953489,-0.940755,0.698593,1.040444,-1.464229,-0.514287,1.202198,0.692257,0.441169,-0.220001,-0.761724,0.493527,0.441174,13.5,0
154746.41,-0.29567,2.227575,0.904691,0.620818,1.872484,-1.575794,1.384741,-2.129078,-0.861019,-0.462012,-2.191415,0.432861,-0.999079,-1.241907,0.89565,-2.761703,-0.472544,0.526732,-0.405297,0.219424,-0.911611,0.035937,-0.90935,-0.044894,-0.395668,-1.379403,2.098057,-0.980319,55.71,0
154844.58,-0.133011,1.834183,0.028083,0.360072,1.555882,-0.572573,0.134202,1.028026,-1.29595,0.706842,-1.277348,0.280594,-0.91082,0.042773,-0.088505,0.083344,0.075098,-0.624207,0.121686,-0.659988,-0.870687,0.52553,-0.435223,0.523233,-1.561542,0.650853,2.437655,-1.896682,39.01,0
155020.65,-1.381927,0.028292,-1.155923,0.298406,2.230588,-0.035242,-1.830503,-2.71594,1.865039,-1.200811,0.086598,-0.447672,2.110557,0.601095,1.768999,-0.784996,-0.655824,0.17885,1.041664,1.221607,0.1429,-0.589482,0.008082,1.644576,0.951156,-0.296763,-0.680625,-1.658789,70.65,0
155038.88,-0.8815,2.177107,0.125981,-0.074616,-0.475681,1.031231,-0.87172,-0.168982,-1.138492,0.348249,-2.146714,0.223918,-1.265308,-1.635645,1.649646,0.063364,0.719747,0.368604,-0.408165,3.494899,-1.378326,0.239436,-1.612299,1.183893,-0.820382,-1.167261,0.57753,1.822789,108.3,1
155270.16,-0.981972,0.484883,-1.855208,-0.10995,0.041791,0.132361,-1.314882,1.666832,-1.367289,-1.878363,-2.573227,0.199119,2.817673,-1.053525,-0.552131,0.391461,2.132333,-1.450114,-0.329082,0.986215,0.770562,1.123068,0.235775,0.82307,0.036728,-0.826212,1.30975,-0.731703,101.98,0
155592.24,-0.704206,-0.127611,-0.206944,-0.662075,-2.0208,-0.649833,-1.454043,0.573855,-0.045619,-0.685907,-3.478728,0.181407,0.332127,-1.773094,0.345906,1.249293,-0.955823,-0.012606,0.93788,-2.028376,-0.651342,-0.511661,1.379323,0.006105,-1.606592,-0.859096,2.404997,-0.344383,64.03,0
155720.1,0.157398,-0.476023,-0.393568,0.462346,1.386273,-1.295935,1.007541,3.135972,0.868229,-0.44351,0.607477,0.344165,-0.095843,-1.524505,-0.327085,-2.170328,-2.028024,-2.861552,-0.643778,-0.05584,-0.293977,-0.74339,-0.662078,1.007747,-0.561813,-0.119893,1.367291,2.181678,55.15,0
155961.14,0.473427,-0.083963,-0.623755,0.232476,-1.623749,0.564302,-2.418972,1.789256,-0.37128,1.652031,-1.211146,0.380475,0.380637,-2.115594,-0.024382,-1.005874,-2.424278,0.371776,-0.127682,0.529565,-1.398361,0.073509,-1.740621,-0.956181,-0.163503,0.712275,0.811178,-1.450164,44.81,0
156444.59,2.020414,-0.192032,-0.519013,0.291253,-0.047949,-1.245097,1.925732,-0.659903,1.588617,-0.386335,3.776356,-0.039541,2.927689,-1.623921,2.151536,0.201424,-0.24501,0.589231,0.898676,0.487046,-0.166298,-0.20263,-0.542283,0.199959,-0.133995,-0.437519,1.299727,-0.892283,174.92,0
156450.01,-0.975171,0.512307,-2.826728,-0.55098,-1.543538,0.892815,0.787924,0.333777,0.63656,-2.400423,-1.856289,1.370254,-1.4423,1.322259,-0.00656,0.620039,-0.848543,0.695878,2.533749,-0.503114,-0.460178,0.543458,-2.976018,0.873778,-0.276513,-1.984605,1.309126,-0.951257,35.49,0
156618.04,1.355004,0.499896,-1.072065,-1.897248,-0.964873,-0.684215,1.170762,0.224836,-3.422806,-2.188862,-1.751577,-0.649086,-1.599593,-1.643006,0.617324,2.36332,0.176805,-0.701477,0.95287,0.67818,-0.201377,-0.395665,-0.087176,1.000076,0.004407,-0.308516,-0.773787,2.418476,26.53,0
156827.49,-0.053332,0.301267,-0.227628,0.791878,-1.247579,0.861579,-1.094211,-2.013978,-0.952376,-0.063452,-1.240169,-0.278233,-1.146223,-0.319792,0.78651,0.846974,0.088208,0.159607,0.80799,-1.122364,1.214086,1.45437,0.04295,0.943228,-1.338759,-0.281721,0.683569,2.948346,120.15,0
156948.35,0.140029,0.848368,-0.139427,-0.511934,-0.986507,0.10998,-0.637953,-1.07782,-1.000886,0.542666,-0.078878,2.61653,-0.170148,-1.119011,-0.654044,-0.393417,-1.955147,1.523103,0.871459,-0.762214,0.010487,-1.108194,1.422763,0.640957,-0.2412,-0.337548,2.330619,1.195145,39.4,0
157130.57,0.991255,1.798731,-1.702461,-0.829565,-0.908258,-0.562701,-2.508487,-0.524044,0.559222,0.293508,-1.103448,-0.540364,-2.350372,1.01672,-0.51808,-1.414707,-2.204316,1.510648,-0.878896,1.162877,-0.893933,1.058495,-0.685969,0.245598,-0.310311,-0.664537,0.163121,1.24007,165.86,0
157807.97,-1.121337,1.494734,1.316098,0.45792,-0.918667,-0.877967,-1.184184,-2.676289,-4.091987,0.076164,0.451402,-0.801454,-0.182307,1.184731,-0.845931,-1.01515,0.280482,-0.254024,0.418367,-0.847842,-0.816417,-0.661103,-0.006439,0.836917,-0.212849,0.021786,0.601172,-0.685257,35.1,0
158088.57,0.647595,-1.574906,-1.489893,-0.440104,0.653773,-0.730814,0.300215,0.363214,3.660323,1.116109,-1.833644,0.92521,1.890381,0.616943,-0.546925,-1.049958,0.09154,-0.047964,0.25974,1.032675,0.398754,-1.539508,-1.4386,-0.364608,-0.34454,-0.101115,0.117391,2.883326,106.95,0
159299.87,0.393788,-2.922855,0.926172,0.761089,-1.552142,-0.096636,1.469884,-0.069385,0.636636,-0.663171,-2.412479,-1.399572,-0.022232,-0.091612,-2.381831,0.478872,-0.569145,1.140261,0.643151,-1.276016,1.053159,0.193101,-0.869174,-0.277418,-1.4567,-0.175013,-2.576629,0.512022,4.08,0
159787.06,0.776924,1.475525,0.212444,0.394654,-0.043663,-0.386146,-2.033285,-2.146306,0.064035,0.836596,-3.010876,0.123367,-0.573011,-0.773825,0.789557,-0.009002,-2.018628,-2.053779,0.419362,2.517137,0.107425,-0.226437,-2.187401,0.453095,-1.493553,0.180351,0.459592,1.338509,43.03,0
160413.45,0.538012,-1.426094,-1.200398,0.449722,1.091526,-0.939318,-0.952182,0.883558,1.611388,-1.805296,-3.621822,2.09219,-0.976676,-1.99402,2.199898,-1.945432,0.487027,-0.613458,0.706569,-0.555705,0.485797,-0.954798,-0.686865,0.542928,-2.234522,-0.504001,0.825327,-0.014892,37.14,0
160651.75,3.083796,0.014016,1.98684,-1.245845,-0.87875,-0.58631,-0.639933,1.338175,3.352624,-1.04515,-1.172198,-0.959533,0.904352,1.98781,0.418886,-0.857863,1.429364,1.415012,-0.047666,0.110641,0.41234,-1.441878,-0.811519,-1.067996,0.27139,-0.550102,-0.233745,-0.24432,149.89,1
160834.87,-0.551353,-1.177989,-1.9209,0.886845,-1.111751,-0.384975,-2.454024,0.625109,1.145663,-1.988286,-0.860392,-1.320892,-1.234238,-1.445142,-1.042352,0.751226,0.259351,0.974292,0.356179,0.781437,1.16512,-0.016663,-0.129701,0.770162,0.279757,0.966249,-1.068926,2.48197,301.53,0
161767.54,-0.425902,-1.97472,0.859963,0.100339,-0.557034,-2.204766,0.442624,-0.178781,1.262636,-0.38638,-1.335029,-0.921701,2.07995,0.362413,-0.319723,0.106971,-1.065507,0.233251,-1.047645,-0.302868,-1.968171,0.821759,-1.170511,1.026114,0.292893,0.299529,-0.712518,0.89607,54.58,0
161866.94,-0.534195,0.980165,0.967139,-0.421295,1.048011,-0.072026,-1.474744,1.156669,0.036784,-0.147396,1.357815,1.060717,2.187805,0.865214,-0.147916,0.372793,-0.015437,-2.059931,-0.056876,0.554876,0.465805,0.488772,-0.37316,0.341054,-0.150762,0.516896,1.426726,2.183139,153.91,0
162345.42,-0.454672,1.254657,-1.232504,0.002832,-0.073748,-1.257476,-0.704205,1.286169,-0.371096,0.020263,1.335731,1.247931,0.108418,-1.185572,-0.669884,0.145266,-1.676036,-0.279386,1.809968,1.077628,0.760208,0.038767,-0.843179,2.317019,-2.167449,0.841138,2.998308,0.49456,106.28,0
162471.79,-0.550939,-0.429505,1.482937,-1.585268,-0.899257,-1.400608,-1.07819,0.742343,-0.871956,-0.034331,-0.908972,-0.105932,-0.224294,0.837842,1.084404,1.668673,1.177521,-0.939794,0.640122,1.54387,-1.399985,0.398382,-0.841058,-0.147064,-1.252956,0.272389,2.230826,-1.063635,302.42,0
162511.24,1.595574,-2.969661,-0.678943,0.222284,0.256046,-1.840868,-1.570002,-0.908922,-1.39686,-1.068784,-3.004709,0.882822,1.068246,0.490129,1.037764,-0.034673,0.028462,0.186503,0.269392,1.339204,-0.978584,-0.032724,-0.376525,0.112326,-0.263481,0.5993,-1.315665,-0.689475,147.24,0
162685.12,1.867634,-0.391342,0.030149,-0.967389,-1.549216,-1.92871,-0.429654,0.697411,-1.18844,-0.297926,-1.242054,1.467443,1.147793,1.714051,-0.798685,-0.796757,-2.14931,-1.208152,2.361365,0.173398,-0.946136,-1.227499,-0.421459,0.084941,-0.292325,-1.437765,1.544353,0.279454,7.12,0
162934.8,-0.472618,0.791458,-0.007194,-1.234854,0.480807,-1.56724,-0.733678,2.037776,-2.182671,-1.664605,-1.289619,1.79578,-1.209631,-1.07644,0.958186,-1.445725,-0.421829,-1.472774,-1.192788,0.203869,-0.832666,-1.219977,0.391353,0.341938,-0.588447,0.010994,-0.429707,-0.750405,110.37,0
163684.55,-0.780079,-1.567358,-0.526609,-1.375237,0.17038,-1.034301,-0.961441,-0.576364,-0.272722,1.326222,-1.371939,0.114221,-0.863064,-2.113382,1.707197,-0.018053,0.477503,-2.74361,-0.91847,3.224243,-0.602856,-0.182616,-0.603236,0.138408,-0.099411,-0.303267,-0.324493,-1.429426,67.75,0
163967.42,0.752201,0.528628,0.717358,0.804731,-0.644992,1.160584,-1.481262,3.354188,-2.683294,-0.41647,-1.43023,-1.585079,-1.850032,-1.12234,2.058234,-3.31392,-0.459938,1.275881,2.161217,1.530892,0.070856,-0.146398,-0.861796,-0.730464,-0.394706,1.207962,-0.168041,1.830248,1.46,0
164170.71,-0.450848,0.278122,0.694562,-0.636381,-1.249085,-0.883312,0.046386,-0.4728,0.127026,-0.610159,-1.366665,-0.360843,0.297323,-0.215154,2.957585,-0.549616,-0.39266,-0.707253,0.342377,-0.734277,0.650395,0.715398,-0.671095,-0.037144,-0.304515,0.598696,1.351134,-0.635159,25.57,0
164231.1,0.942026,1.027864,-2.651255,1.153055,-1.303823,-0.303213,1.99109,0.341207,-0.213475,1.562202,-0.983285,-0.035001,0.616762,-0.406462,-0.561893,-0.576018,-1.509217,-0.026163,0.027504,0.502332,0.850971,0.635594,-1.273225,0.324665,-0.932551,-0.666961,1.680432,0.329189,225.11,0
164264.91,0.436651,0.448207,1.366946,-0.55906,0.314023,-0.119585,-0.215471,-0.687016,0.061126,-1.397795,-1.340923,0.103799,-1.884236,-0.980039,2.919289,-1.995441,0.599034,-0.221084,-1.016408,-0.024269,-0.934081,0.505962,-0.873103,1.393497,0.407337,0.147983,0.305311,0.552169,230.11,0
164283.43,-1.583243,-0.929532,-2.538009,-1.528286,1.10407,-0.341702,1.032655,0.619619,-0.941385,-1.275827,-0.128879,0.162572,-0.774566,-2.904989,-0.050129,-1.461052,-0.831244,-1.523784,0.780771,0.217542,-0.940481,-0.248309,1.823752,2.178217,-0.760387,-0.018633,0.32737,-0.696266,141.69,1
164838.86,2.016894,1.806203,1.00921,-1.039491,-1.020005,-0.513604,-2.445908,-2.247434,4.451239,-1.245125,0.089506,1.243067,-1.880922,0.117104,-0.27272,0.668055,-2.606393,-1.758143,0.886364,-1.106624,1.069091,-1.185695,-1.496563,1.479653,-1.504174,0.214217,1.036641,2.182326,353.86,0
165000.72,2.308798,0.097534,1.133142,0.90659,0.227036,-1.435203,-0.189416,-0.502573,1.87892,-0.169989,-1.736056,1.371671,-1.324734,2.024404,0.58635,-0.041204,-0.504917,-1.447815,-0.902144,-0.117189,0.446761,0.341496,-0.781457,-0.221568,-1.041599,-0.982461,1.171554,-1.443092,145.13,0
166093.73,-0.522029,0.262997,-1.785765,-0.244767,-2.669971,0.746443,-2.019016,-1.299136,-2.023824,0.35224,1.397543,0.175955,0.473377,0.10919,-0.263,-0.199147,1.087101,-1.102759,0.139147,2.57369,-0.077721,0.437843,-0.904208,-0.15744,-0.692358,0.137603,1.962629,0.50345,0.91,0
166263.42,-0.257491,-0.879347,-0.890546,-0.56939,-0.960037,1.040165,-2.572295,0.491352,0.189885,0.674299,-1.835761,1.226192,-1.119702,0.293187,0.653589,0.051456,-0.523366,0.230001,-0.073909,1.08213,0.285469,-2.044291,-0.745946,0.274932,0.417249,-0.340173,-1.237662,0.481557,29.99,0
166310.89,0.53413,-0.261516,-1.805164,0.016589,-0.330016,-1.837005,-1.497165,1.74453,-1.070057,2.589983,-2.751747,0.613638,-0.583107,0.246592,-0.952485,-0.210369,1.978027,-1.191484,0.571557,-2.633507,-0.182517,-0.720299,-0.840765,1.841589,-0.439273,0.074595,0.45886,0.057491,2.75,0
166345.65,0.591238,-0.818236,-0.632711,0.29933,-1.330003,-1.294005,1.318045,1.236261,-1.679105,-2.450804,0.11882,0.371241,-2.228259,0.023843,0.057733,1.198768,0.437087,1.917555,-0.929159,1.853818,0.333137,-0.598238,-0.152213,0.270019,-0.558196,-0.74327,-0.956277,-1.696893,8.73,0
166444.85,0.972127,0.079356,-0.755267,0.808628,-1.360531,-0.680443,0.965452,-3.165592,-2.166963,0.537401,-1.60214,1.067484,0.021899,0.702787,1.48183,-0.172635,0.330894,1.037826,1.658409,1.700007,-0.467382,0.09128,-2.396048,-0.666551,-1.436409,-0.630097,0.366556,1.363508,21.82,0
166513.53,2.56069,2.455747,0.676361,1.082546,-1.054686,-1.244959,-0.065157,3.272691,0.488583,-0.681508,0.033379,0.377646,-0.264922,0.021718,0.227476,-2.110284,-0.21903,0.770251,1.291614,-0.053486,0.095228,-0.69391,0.702647,-0.000578,0.244898,0.798685,0.138645,1.183776,61.87,0
166861.22,-0.009799,-1.432426,1.374802,-0.413429,0.037886,-0.03262,-2.653599,0.724658,-1.179998,-0.712125,-3.880492,2.019415,-1.114092,-0.877476,0.41307,1.673204,-0.148268,-0.364686,-0.104093,1.249365,-1.559802,-0.042027,0.246317,1.013483,-0.943202,-1.009028,0.372009,-0.819679,166.17,0
167037.95,-0.740051,-1.73714,1.487173,-1.212829,-0.507871,-1.050172,-0.705503,-0.83874,1.291124,-0.746999,1.571897,-0.871453,-0.444434,-1.491262,0.724792,0.129853,-0.377978,1.633569,0.056056,-0.65873,-0.794526,-0.188892,-1.868983,0.959392,-0.487014,-0.949085,-0.607346,1.132918,174.96,0
167495.48,-1.422907,2.152449,-1.089759,-0.457852,-2.84206,1.335198,0.020403,0.523137,1.330016,-1.049146,0.537524,-0.108067,0.013595,-0.796575,1.374466,-1.045733,-0.423706,-0.484961,0.143352,-0.187784,-0.784505,-0.145117,-3.026427,0.241978,0.819097,-0.196743,-1.50158,0.663383,84.61,0
167544.22,-0.660877,0.033486,-0.62521,0.099536,-2.708295,0.531777,-0.163506,0.550942,1.899595,1.662136,-2.583234,0.213291,-1.220639,-0.081458,-1.265594,-1.859372,0.55704,-0.256579,-0.557106,2.194883,-0.503028,-0.619825,-1.569191,0.954132,0.016178,-0.781859,-2.291246,-1.67388,232.67,0
167595.06,0.159229,-0.546219,-2.565578,-0.913108,-0.985357,-0.274503,-3.107079,-0.678794,-1.436229,0.78159,-2.552067,0.681268,-2.040923,-0.881801,0.826872,0.161183,-1.169519,-0.010474,-0.19167,0.052474,-1.016575,-0.553881,-0.740865,-1.4287,-1.750157,-0.873763,0.262197,-1.071488,61.25,0
167600.42,2.307247,1.608659,-1.41052,-0.907642,0.226239,0.39693,-1.717199,0.582635,0.553236,-0.074778,1.973789,1.366323,2.029321,-0.081193,0.030279,-0.467392,-1.334397,0.63996,-0.00271,-1.881446,-0.651062,-0.929802,2.443112,0.487021,-1.866911,-0.069488,-0.127755,1.741113,194.24,0
167923.94,-0.41017,-0.466204,0.92011,0.168621,-3.421679,0.461989,-0.512791,-0.592181,0.788613,1.313453,-1.487195,0.29773,-0.995419,0.077313,0.436466,1.60462,-1.390078,0.560571,2.052264,0.304715,-1.5634,0.314233,0.145568,1.097002,-0.457492,-1.377427,-0.446323,0.570922,53.47,0
168136.22,0.461172,2.599871,1.776605,-0.156043,-0.863424,-0.914697,0.362366,-0.295906,-0.869533,-1.680374,-1.626236,-0.858073,-0.330018,0.577713,1.271035,-0.747612,2.340208,-0.79941,1.325219,0.286216,0.355567,0.476972,-2.505921,-0.267897,-1.406717,-0.973623,2.152939,-0.662595,28.68,0
168375.42,0.17886,1.152234,-1.974485,-0.08866,-0.893604,-1.122678,-3.620676,-0.707137,-1.315438,-1.490278,-3.682833,1.014541,1.043665,1.148706,-0.834873,-1.34971,0.556423,-0.870181,1.312164,1.831604,-0.231544,-0.666017,-1.245018,-0.270698,0.131715,1.513726,-0.684986,-1.077908,219.27,0
168627.24,1.594842,-0.317789,-1.129635,-0.743294,1.285439,-0.385333,-0.655712,-1.795895,2.25262,-2.376088,-0.931917,0.942145,4.16684,-0.381323,-0.665269,0.773582,0.290557,0.564234,0.695903,0.398675,-1.740863,1.285868,-0.527182,-1.100905,-0.369404,0.218395,2.275568,-0.593545,43.37,0
170320.4,3.167983,3.017611,-0.384586,-0.306403,-0.732871,0.260609,-0.210863,0.506666,0.181835,-0.830265,-0.755168,-1.287731,-1.753467,-2.14121,-1.527373,0.809704,-1.312761,0.656364,-0.92706,-0.128879,-0.931297,-0.277544,-0.181038,1.684702,-0.267639,-0.761286,2.544808,-0.493428,61.84,0
170380.98,-0.425751,-0.46633,0.018918,-0.880409,0.141223,-0.33511,0.819093,1.147708,0.793877,0.070026,0.599572,0.314759,0.347878,-0.918657,-0.232262,-0.117234,0.665899,-0.699403,0.246945,1.646064,0.158288,1.293999,-1.950052,-0.17706,-0.988489,0.184879,-2.104559,-1.060242,35.23,0
170417.22,-0.377061,1.233146,-1.415434,0.620665,-0.133898,-1.749893,0.590593,1.044993,-1.390813,0.008509,-2.437595,-0.996912,-1.087543,-0.424432,1.52373,0.50475,-0.205108,-2.159427,1.351267,0.527507,-0.659878,-0.556558,-0.619418,0.597607,1.03499,0.306007,0.552965,-2.324934,96.05,0
170491.32,1.42533,0.674809,0.20832,0.740666,-2.719524,-1.111636,0.429828,1.489956,-1.985978,0.057107,-2.611687,-0.231666,-0.878238,-2.811738,0.168128,-0.370016,0.184231,-0.471888,-1.080858,-0.526361,-0.803043,-1.735948,-1.27658,0.890062,1.945186,0.652933,-0.087039,1.743558,468.66,0
170534.06,0.999567,1.938813,-0.9735,-1.643139,0.579651,-0.510743,-1.585456,0.767048,-1.012285,-1.574285,0.219626,-0.428588,-1.103244,1.283156,-0.971215,-0.037341,-1.217534,0.544205,0.986861,1.779116,-0.224177,0.333085,-1.712079,1.621977,-0.634598,-0.258133,-3.354325,1.504428,2.28,1
171081.31,2.368537,2.266361,-0.368853,-0.884775,-0.049518,-0.512139,-3.200676,-0.483149,-0.344868,0.740666,1.017877,0.987048,-1.606088,-0.299576,-0.172956,1.103369,0.120781,1.989619,2.826768,0.615697,0.164795,0.202191,-0.17437,0.279309,-0.112535,0.638379,-1.446111,-1.663493,203.3,1
171159.29,0.884434,0.337781,0.36919,-1.353868,0.283808,1.176482,-0.992337,1.518748,-1.753634,0.1515,-2.684746,0.414506,-0.261224,0.003912,-1.109237,0.442223,-0.566808,-1.683411,1.450929,0.384866,-1.490792,0.019759,0.405681,-0.031407,-0.323817,-1.810699,1.440706,0.326532,0.35,0
171584.32,-0.224103,-0.652571,-0.341378,-0.653556,4.173893,-1.592418,1.040692,-1.686268,-0.173789,0.667376,1.12529,-0.745093,-2.03874,1.253771,-0.77041,-0.531222,-0.96914,-0.74003,1.83528,0.596632,0.356896,-0.556648,0.481435,0.542823,-0.618978,-1.012895,3.059013,-1.139691,40.02,0